customer_id,income,loan_amount,credit_score,employment_years,debt_ratio,risk_level
1,68690.21545015712,10071.513513092363,519,3,0.36614593797572725,Low Risk
2,143592.8598332891,27553.14642153955,462,17,0.1516325044375242,High Risk
3,115159.21243548267,43774.345957944,519,18,0.18626193847318104,Medium Risk
4,97825.60294561475,36879.0194340685,569,34,0.3839871486580403,Medium Risk
5,40282.42325751675,40521.496245211034,699,39,0.2481788067566442,High Risk
6,40279.28764370634,33280.38496882515,481,13,0.5691578643256581,High Risk
7,27550.86958186593,34921.55166137477,504,32,0.5093701147420254,High Risk
8,132602.89895074157,42610.58692670064,527,13,0.5917836032568315,Low Risk
9,98144.95152661715,13233.732434100111,549,33,0.229835419475207,Medium Risk
10,112049.43511348592,24981.823218513884,740,3,0.5848618163989885,High Risk
11,22675.98425845432,11839.26264916051,832,23,0.3156169348957789,Medium Risk
12,146088.28078105926,49395.7323918357,495,28,0.2737593976568773,Low Risk
13,128217.54330405482,47258.90764464405,818,18,0.12517476348467663,Low Risk
14,47604.0843881759,2931.913757056789,369,5,0.12638262892980132,Low Risk
15,43637.24573692308,35573.183453268735,698,32,0.4460056279733273,Low Risk
16,43842.5862809464,46337.167553367624,502,39,0.32896449721701393,Medium Risk
17,59551.4915847399,9848.191911239343,447,18,0.21326081301805286,Low Risk
18,88218.33611219093,28829.316297078843,771,0,0.4069851531626163,Low Risk
19,76152.85242347505,45858.92658181405,498,4,0.2264290591250556,High Risk
20,57859.78822574545,2663.352950704143,725,26,0.38881587717221133,Low Risk
21,99540.87631390934,35173.59309509516,791,15,0.27960437349134515,High Risk
22,38134.20188476544,15570.101361254987,441,5,0.5117761133059096,Low Risk
23,57978.80430957836,46295.41357344999,612,39,0.5103480803833896,Low Risk
24,67627.03962817992,48581.85401310302,464,12,0.3386751990612007,High Risk
25,79289.09794821468,47269.05796655826,613,34,0.2754095546675078,Low Risk
26,122072.87498109177,24236.496616215725,320,18,0.28127989827954725,Medium Risk
27,45957.59168058677,43240.089898476355,381,11,0.5028572628341089,Medium Risk
28,86850.47699376951,42382.92052821845,430,15,0.26408974139880603,Low Risk
29,97013.89395206553,16635.923188919525,604,9,0.20452968685342302,Medium Risk
30,26038.553653599705,41616.85823338319,670,24,0.14234417093765342,High Risk
31,98980.83074718699,2813.3741010591384,683,19,0.33334656044220423,Low Risk
32,42168.136079347896,30217.2240456206,744,30,0.3410660494599209,Low Risk
33,28456.70708808634,12270.43302709745,724,3,0.5204543552014536,High Risk
34,143355.11984293332,6907.777403086661,460,22,0.210619348223032,High Risk
35,145532.16429969273,4770.706879831248,477,1,0.2904956368342,High Risk
36,125091.65525513995,35118.15001802885,789,21,0.5042028694468454,Low Risk
37,59599.789992538186,17653.87322463524,626,36,0.5118118053744868,High Risk
38,32697.374820829904,36513.57180490931,588,7,0.2923055379893841,High Risk
39,108950.2934465804,4202.460699148176,653,6,0.3295620116433404,Medium Risk
40,77219.82418614818,16449.226553699904,327,13,0.2516429454246415,Medium Risk
41,35864.97052982125,27435.073326391524,342,2,0.566277439209656,Low Risk
42,84372.99831446513,39745.435077109214,722,15,0.15932188287079016,Medium Risk
43,24470.507744978393,16618.872643671428,476,18,0.566874711500735,Medium Risk
44,138211.65227024167,31668.677445413447,828,17,0.4419332259176716,High Risk
45,53641.3976080022,44412.90966357317,793,15,0.3657860763433656,High Risk
46,106127.89696601765,31177.296220932923,497,7,0.11632953039224794,Medium Risk
47,60522.43989162343,12415.014262928054,816,32,0.3377980959110042,Medium Risk
48,87608.8427531154,2195.638296270363,813,11,0.3038740525013661,Medium Risk
49,91072.33631462636,43634.84482114556,321,10,0.18060940598756128,Low Risk
50,44031.07921831851,2042.2011316689698,411,4,0.4282048017503285,Low Risk
51,146046.0016093926,43860.381961525774,356,26,0.5855754536841429,Low Risk
52,120767.26703694489,26917.91956733339,365,11,0.3810944055322626,Medium Risk
53,142134.8624033446,47014.31722713191,397,16,0.45737663822197294,Medium Risk
54,136327.55555559433,40140.378552909606,443,5,0.1342252262830084,Low Risk
55,97726.99724544107,49898.77141613354,734,32,0.30883349790849735,Low Risk
56,139843.6505530052,18184.8789571338,385,4,0.15817924258224794,Medium Risk
57,31504.025266749537,38592.22615762522,643,27,0.4063979177682552,High Risk
58,45477.77211448888,20694.614766852865,593,13,0.5692410791070773,Low Risk
59,25879.547558369948,24513.90539489153,542,4,0.43088886623581923,Medium Risk
60,62292.94299922437,31747.767697700136,331,32,0.13840152415721077,Medium Risk
61,70528.04765963266,43810.1785951306,690,18,0.2773331024925414,High Risk
62,55275.37413060647,49220.08999076546,576,21,0.37533168972042574,Medium Risk
63,127735.87618975081,38645.397279361394,831,4,0.30160387806662614,Medium Risk
64,66377.9324701666,21470.572326199355,453,1,0.5168220052375861,Low Risk
65,56521.4862593595,21646.493111576438,682,29,0.5073355023549946,Low Risk
66,90550.4908105723,37141.53277785568,367,38,0.40591551005161075,High Risk
67,38320.14924671914,12700.080142646815,513,3,0.28672897256635266,High Risk
68,124285.60749802516,6413.231543438338,675,32,0.22766818688162208,Medium Risk
69,29691.583678370207,18376.48572439805,512,12,0.15293715910656466,Low Risk
70,148295.30175806725,15074.710591050005,378,19,0.277448841743277,High Risk
71,120391.82000856547,15519.097902343514,680,6,0.3065862586038598,High Risk
72,45833.038599442414,12446.779801445588,357,14,0.43791146255203683,High Risk
73,20717.87522606831,3062.5662921817325,325,22,0.4290799121487867,Medium Risk
74,126009.98569912845,1875.8228019372768,746,13,0.13505406982062848,Low Risk
75,111891.45470019022,49398.39709706554,365,22,0.2976296577155789,High Risk
76,114770.93184532835,21960.883553057254,553,18,0.19088943360868096,Low Risk
77,120265.14506917294,19832.005710824404,343,28,0.17840635265840285,High Risk
78,29625.804725431746,34302.716851960424,396,19,0.5136510748686229,High Risk
79,66600.54471075544,11694.440505388144,526,28,0.12095760835812877,Low Risk
80,35062.97773826686,47548.098013561044,735,23,0.3095914379510607,Low Risk
81,132203.44536382717,39530.90570636205,678,17,0.1841018278832591,Low Risk
82,101028.75648758253,5381.139113300716,477,9,0.539665107839237,Medium Risk
83,63016.7432308444,21461.458013461488,726,7,0.37852025663751754,High Risk
84,28262.585537183073,44076.79707054607,606,25,0.21569031818842402,Medium Risk
85,60427.701823036085,47291.86909227911,803,28,0.3512136435831882,Low Risk
86,62273.83186347711,23902.674051243615,567,9,0.4657431798515579,High Risk
87,114848.80318394833,31057.158071324677,307,16,0.5790590044597169,Medium Risk
88,102882.4712761777,9184.663358511687,807,1,0.21022300212270947,High Risk
89,135337.65653492245,49567.26268071185,775,5,0.5430908860646726,Medium Risk
90,81387.9402710534,12351.913367788726,596,4,0.5671520570837452,Low Risk
91,35547.25197197922,47193.85693262116,463,27,0.5582102722660331,Medium Risk
92,112721.82233898935,32832.68580062606,784,4,0.41770717843095495,High Risk
93,118902.05632019667,30779.102949064098,371,17,0.4149103272173539,High Risk
94,92966.0356840345,26121.737039808922,537,25,0.30160531659191137,High Risk
95,120225.73339409292,12302.820774170175,403,19,0.476198941151894,High Risk
96,84193.4275273708,9649.873568269904,509,26,0.365647009175466,Low Risk
97,87955.26781965923,11803.824244438592,767,11,0.43871903561414727,Medium Risk
98,75580.33238661145,10135.474845068471,753,6,0.3142289519243977,Low Risk
99,23304.486476732374,39199.63920477091,567,2,0.46574823202156956,Low Risk
100,34025.88550912958,18156.137699169776,685,9,0.5122357588022746,Low Risk
101,24085.79413927545,3834.291151606422,686,33,0.17321812830140806,High Risk
102,102733.35346429145,48486.028876899756,558,24,0.516464857787114,High Risk
103,60866.27753992247,44305.50836320786,582,34,0.3701482658951536,High Risk
104,86114.18985141136,46459.86187656543,339,15,0.5223329545451122,Medium Risk
105,137983.64161039208,49750.48330967533,785,1,0.31565085317050734,High Risk
106,52407.98978935374,9520.867211754878,519,23,0.28952024269151755,Medium Risk
107,73349.77999463186,20415.858926230278,428,9,0.5575303662586112,High Risk
108,118221.64801059633,38153.68530950048,819,37,0.22558463377420065,High Risk
109,49743.76151391092,35105.01028463582,559,21,0.5221061626430715,Low Risk
110,30007.388277743088,8540.899410652899,665,25,0.3420102862547021,Low Risk
111,57667.68887878984,40975.82312454027,843,38,0.3570477212756299,Low Risk
112,40958.767343020576,11997.588019996372,823,26,0.25423414074474204,Medium Risk
113,140860.6948045345,11967.06312630853,315,28,0.3865211003095078,Medium Risk
114,125055.6493433742,27311.746721777265,428,37,0.2626055981381057,High Risk
115,102342.48834635505,30054.056807243454,408,19,0.11963470712082616,Medium Risk
116,133289.8767244033,29424.224184052746,832,26,0.23599930267217803,High Risk
117,124477.36999688488,5482.855032489989,568,19,0.10318952170329534,Medium Risk
118,44254.10765518466,43995.58226888864,461,18,0.5891773935284284,Medium Risk
119,136032.6698036971,14014.402086846598,559,19,0.5828736049098737,Medium Risk
120,90114.4914490346,7346.231142857405,401,34,0.29757764873615256,Low Risk
121,124967.22017132812,44548.65591357988,805,1,0.46418542716982303,Medium Risk
122,136491.86899005412,47826.923413257915,546,29,0.27290304920521247,Low Risk
123,61340.4517463423,43244.25324600708,836,33,0.43554657854298806,Low Risk
124,34306.75018859798,40666.287661519025,430,21,0.5027150215229895,Medium Risk
125,49631.571130452416,33106.857051312065,652,2,0.5733781223461204,High Risk
126,75524.01252141333,27992.011159847825,495,5,0.300106137924836,High Risk
127,126341.91956992411,5262.351235659096,681,14,0.4916489914780239,High Risk
128,131894.97582332464,21014.207440464237,526,26,0.2329642253160594,Medium Risk
129,20903.77696905479,19261.737333603385,775,9,0.5951661518968242,High Risk
130,86397.14933508355,13727.935404255984,776,8,0.11288479938217558,Low Risk
131,74263.43040934126,36447.58557074066,564,32,0.4017644032505605,High Risk
132,48874.015361194935,25297.91101885977,671,31,0.42975299082566354,Medium Risk
133,35582.49775337876,4971.264579474749,785,5,0.4440227785370644,High Risk
134,63889.97228247164,11788.976895540756,733,35,0.1601937893945445,Low Risk
135,142578.2615086275,34479.6794193202,510,1,0.5692648917365652,Medium Risk
136,62016.38116269818,4730.412115024709,676,28,0.1905916395250414,High Risk
137,87442.7808266376,42709.13878838967,694,3,0.41137670161992057,Medium Risk
138,111392.46465637312,25262.179823684743,749,0,0.21133803956154248,Medium Risk
139,67271.84830930822,24548.742289005753,663,18,0.2536082085106355,Medium Risk
140,146331.67075372487,30027.98144831636,756,25,0.3732292708640622,High Risk
141,145118.14834247448,41409.36733033231,525,24,0.3085967092822882,Medium Risk
142,52731.698457297345,18042.65118720746,430,9,0.18011280048825315,High Risk
143,84642.3057660101,34222.791475394115,775,14,0.18546820121042415,Low Risk
144,59114.18027618006,28720.86623579376,576,21,0.30907239408139986,High Risk
145,57029.26426907079,14084.385238301646,455,20,0.4786414891377504,Low Risk
146,24795.303156089263,44052.86933140274,517,21,0.5489823234238943,High Risk
147,99243.36341738659,40073.875058739475,489,35,0.14206383112969143,Medium Risk
148,85348.273019752,33264.139898262845,716,33,0.29655195377970056,High Risk
149,26692.237662498614,42678.50472561785,845,29,0.15012278186143832,Medium Risk
150,56224.04035075949,43497.415847030315,340,24,0.10829624031629895,Low Risk
151,138074.56517566496,35709.7858590367,606,27,0.43085934132197834,High Risk
152,51143.04578670641,42013.65308981993,637,0,0.40122472098329387,Medium Risk
153,38836.333371859,35176.1016217949,613,3,0.1815095569074431,Low Risk
154,83628.8588360832,34326.89781625472,374,6,0.21690641654653206,Low Risk
155,148134.5590343781,31311.95753254403,578,8,0.1118538768222592,High Risk
156,51467.18529649505,37883.115338324424,475,35,0.5174736028472019,Low Risk
157,107377.62116276422,8771.650159360612,572,18,0.5873452980242757,Medium Risk
158,119010.54999273329,44162.66720074749,588,0,0.1677297683973454,Low Risk
159,50892.880719011955,43720.33285951637,571,9,0.21573760688264906,Low Risk
160,114668.12531954175,2433.116868693398,365,35,0.534204761973467,Medium Risk
161,67811.80725350292,41465.02077767337,782,8,0.5632318989780924,Low Risk
162,102199.75797716533,7314.6235061988145,547,31,0.3098136914034052,Low Risk
163,102358.86239891632,17420.823858697953,455,31,0.12531123613453707,Low Risk
164,89650.7089297186,37431.90455828878,346,5,0.1196959168464097,Low Risk
165,31737.670107073078,8877.234906367103,753,37,0.38697493303450525,Medium Risk
166,128589.32442660094,41080.384181834044,500,16,0.29644755444658955,Low Risk
167,61701.40844632566,41774.574719929355,423,9,0.11432621378882726,Medium Risk
168,44247.40635198105,25865.918954280973,300,26,0.39162619615627836,Low Risk
169,25300.76840211931,1312.9077141248454,490,34,0.10565126829451124,Low Risk
170,96816.08261447144,15064.868525570726,815,20,0.4936859790746365,Low Risk
171,108083.36703949672,31229.41900041137,741,24,0.2532164113516858,Low Risk
172,22156.417760621298,49078.12272334375,442,27,0.12012900150461606,Medium Risk
173,86572.09757890653,31958.86282381675,490,14,0.39417611049157664,Medium Risk
174,49444.45077573194,13730.375472143829,832,3,0.2988422072165273,Medium Risk
175,103872.46275322848,32066.279451880957,526,28,0.5869002066785748,High Risk
176,42667.63577064889,27459.28360607692,612,8,0.37209933125185113,Low Risk
177,109821.90595332057,39212.42436240603,601,26,0.23761959051850415,Low Risk
178,70275.59501906986,6242.051302520962,759,25,0.4547194323169874,Medium Risk
179,141774.8985357755,38290.36722259937,700,18,0.23574600127135567,High Risk
180,37877.72273897912,27522.062355129405,692,27,0.5521216457037825,Low Risk
181,64338.62563653361,48186.60818909074,506,16,0.28736098525368825,Medium Risk
182,34751.55776127658,17751.73613589562,509,19,0.3749342813881026,Low Risk
183,140210.17037621315,31998.47276356346,414,39,0.12528655191211444,Low Risk
184,134054.11593952752,46669.377169990854,550,38,0.31306061897611537,Medium Risk
185,53532.41160297023,6022.976671543283,518,22,0.5161817698304975,Medium Risk
186,105797.92598444328,46924.195874586105,706,31,0.502824402681671,Low Risk
187,126238.88602615806,34706.40039273985,742,32,0.21215927942676313,Low Risk
188,92176.1055079301,4324.0158961534235,653,4,0.21303953550528135,Medium Risk
189,88854.57518628084,15747.214780393997,849,33,0.5086526561066184,Low Risk
190,51440.797817058716,35700.4323436188,441,39,0.5651992100846628,Low Risk
191,32103.359814766896,4300.179471969814,800,10,0.14768046063650178,Medium Risk
192,136638.04853393248,29526.35254863739,846,2,0.32502931971311266,Low Risk
193,137054.34743123298,17948.26979069488,841,32,0.26872713948211446,Low Risk
194,102303.18944552483,31424.860370606377,806,10,0.5353442277287197,High Risk
195,64073.87283633109,3241.3596568131297,580,15,0.1417624573400094,Medium Risk
196,65397.24469964592,43705.303501466435,723,17,0.2055629712790187,High Risk
197,114374.23825313112,48700.95948969245,569,29,0.4762341687932472,High Risk
198,136624.33379383502,48475.014908998884,453,9,0.1256469244906078,High Risk
199,135321.23515446525,37732.93975540331,382,17,0.34626769035714466,Low Risk
200,121383.8209614911,7374.225766400967,725,37,0.32105351733986,Low Risk
201,103464.11400005741,38154.89660052211,574,18,0.2672005894943743,High Risk
202,30938.195449356346,2204.758906481274,583,35,0.29728615765946187,High Risk
203,41011.73283229979,2084.0540249208652,472,12,0.36497029346511645,High Risk
204,136812.04450852028,16856.90073832752,626,2,0.18068367919419157,Low Risk
205,98835.77775574669,24943.51632982862,362,9,0.38599793914179636,High Risk
206,21195.616710161856,38749.96347258187,372,37,0.5027161646499931,High Risk
207,33191.30057258417,34481.473453718754,674,0,0.4800804648950795,Medium Risk
208,106255.22998404726,22849.23261246067,807,26,0.17694995234688685,Medium Risk
209,20658.00590000843,14407.706647801628,697,7,0.17462473487073696,Low Risk
210,40905.04668427483,49859.100507727846,419,16,0.23408718387245667,Medium Risk
211,91335.3926176562,21882.883809562674,736,8,0.2805373631705186,Medium Risk
212,109946.37570005012,23117.964192154097,764,5,0.30422779070424133,Medium Risk
213,104754.96373533807,9017.56723839179,585,24,0.4398486084166726,Low Risk
214,49155.01022987277,39945.66788874654,564,38,0.1283402160829177,Medium Risk
215,112583.29877517966,34990.42906329294,619,27,0.1173363521130332,Low Risk
216,50842.38137458401,11817.71102664926,675,32,0.2959552814719545,High Risk
217,62301.9607607048,5036.671235176293,388,36,0.4485818460689902,Medium Risk
218,117043.88266534313,34344.46580166094,502,8,0.1967176714782413,Low Risk
219,104452.27687613791,33071.049499775625,633,17,0.4207522406281259,Medium Risk
220,130399.04336424313,14389.716822912256,521,20,0.22991406897014974,High Risk
221,105489.67599904464,47592.31455027011,340,1,0.5430430544067582,Low Risk
222,93880.11843361131,8401.836697264112,367,37,0.5478449721333083,Low Risk
223,32177.71981765202,22184.405251087494,813,39,0.24864360214066325,Low Risk
224,67803.05439772636,47237.18008821234,426,35,0.21499687698162026,High Risk
225,54476.30779862431,21566.638529379994,554,36,0.3056519860331156,High Risk
226,51718.65363928086,32287.77143554019,315,14,0.22026579259007437,High Risk
227,146491.37211781793,20482.12550017692,776,27,0.43619192164585185,Low Risk
228,71102.70420667886,14436.54491508483,361,17,0.5130323422741427,High Risk
229,135966.05217302474,49214.90475003159,731,33,0.4365460654556085,Medium Risk
230,102048.02137964418,21057.366309437108,567,21,0.5121752236246747,High Risk
231,123325.4694604143,44810.86098027759,334,10,0.29849608110373704,Low Risk
232,85342.82210367497,12267.775688663223,793,12,0.17815848535443043,Medium Risk
233,94997.50500142669,11442.130497229082,768,3,0.4689754736987961,High Risk
234,84027.3001964523,2525.5700613410568,624,21,0.2802372525707769,Medium Risk
235,45381.58841374578,32931.674443418364,603,6,0.4356354126145663,Medium Risk
236,113918.7749839957,19057.790842464296,575,23,0.23532197099088284,Low Risk
237,56500.40711731125,43353.554242142214,500,3,0.14061481740333634,Medium Risk
238,23161.075636089,24187.2854278863,744,27,0.5962908977438817,Medium Risk
239,103911.39846793181,48441.47796782137,623,14,0.17810075396529965,Low Risk
240,43024.38832291636,10090.750269452936,334,0,0.5942104969817406,Low Risk
241,142259.61596587885,43562.53522982493,781,2,0.5886399662832237,Low Risk
242,144010.71501033637,39053.24578679534,779,13,0.4969090519540198,Medium Risk
243,138932.3707286583,38775.170387558544,364,37,0.42971148104099877,Medium Risk
244,68120.63103320777,42394.37817772749,307,0,0.3889035251255424,Medium Risk
245,22009.360148752767,38290.175556206945,600,37,0.5330507726889173,Low Risk
246,140681.4131364043,31684.795759939356,642,37,0.24471976080974397,High Risk
247,75663.93928125086,7430.999006436991,730,20,0.3338406062424385,Medium Risk
248,145665.12647567704,2593.7827950713436,723,28,0.40969498468325094,High Risk
249,145270.59702160285,46121.54454296866,631,4,0.3055952379347455,Low Risk
250,130891.2292107568,31215.865411516163,737,9,0.313743227045134,Medium Risk
251,58278.35596904614,40030.327257832636,473,27,0.26514233375104224,High Risk
252,70062.70471825029,24594.595224114953,826,20,0.38211590834226805,Medium Risk
253,130647.7672971914,6748.101259157329,325,6,0.525287264007558,Medium Risk
254,61199.8606703161,7134.103817924972,705,2,0.20076418900315643,Medium Risk
255,42034.05706919202,34592.6990742196,531,19,0.5672165193767207,High Risk
256,92384.16411958552,22084.98885007367,832,18,0.44454382687411487,Low Risk
257,141700.12064090153,10825.7116083165,849,34,0.5116366063400151,Medium Risk
258,110483.87356774649,25088.132790330408,804,3,0.37809534631500585,Low Risk
259,94107.95211161744,4146.23791668157,478,4,0.4897583507120318,Low Risk
260,32632.94419019991,29516.59869380554,431,0,0.10810019866973361,High Risk
261,99950.93947089206,14180.676817319785,754,3,0.5091902123897676,High Risk
262,148707.00051355423,40080.39593122222,647,11,0.12006942954268326,Low Risk
263,38210.92198074813,16207.735987255115,839,26,0.5449566881814313,Medium Risk
264,87382.85480728578,23305.78730500826,705,22,0.5959813736193217,High Risk
265,134058.49935063423,1569.4064554969311,375,24,0.2470337310883889,Medium Risk
266,116299.92030804658,4549.897501933385,791,20,0.20515927814289683,Medium Risk
267,110612.04632938483,20232.184263927556,493,23,0.4826816819290204,Medium Risk
268,111322.9309183242,24517.00290113905,461,24,0.22651317046012662,Low Risk
269,66733.84965856817,30401.00685784588,646,31,0.5327811915861017,Medium Risk
270,58166.93975438414,15291.466356755858,660,31,0.15142129607873836,Low Risk
271,125216.95021220676,35054.11242020058,386,4,0.16297759818967913,Low Risk
272,125314.7413082935,43145.99746227102,561,35,0.5895757775503078,Medium Risk
273,132719.40141541348,39212.69845577414,513,38,0.43691944913500236,Medium Risk
274,138721.27183234127,2941.3224420695,561,15,0.5234436122144764,Medium Risk
275,86474.51185192191,24544.84041563362,582,32,0.26216468867575904,Medium Risk
276,85197.11830933596,6141.578742490568,766,20,0.4382418747603022,Low Risk
277,123778.37326568077,12860.205777263845,679,8,0.3971209136542986,Medium Risk
278,104495.31100110947,49346.46707009018,661,5,0.4015750600614735,Medium Risk
279,111255.69404350144,7982.281602174148,748,34,0.44126622976886076,Low Risk
280,123453.04702669314,25445.519519116446,740,38,0.38767958656454926,High Risk
281,135700.6944362836,31289.630981587838,392,21,0.314531184651333,High Risk
282,63939.37039069965,35420.783556661096,723,4,0.23796134719027343,Low Risk
283,68825.78384319272,28422.78549085879,441,22,0.48429066545660104,High Risk
284,32217.652179312972,1478.7715235399992,590,16,0.2131362150015931,Low Risk
285,95176.41832950262,16996.6041039556,731,11,0.44617715307720707,Medium Risk
286,24672.49559357647,26367.87052585086,348,22,0.21666641132466333,Medium Risk
287,80527.74235721982,5305.458458096834,601,15,0.412665084977227,High Risk
288,90543.80251198496,18180.719629249856,489,2,0.4735391335645145,Medium Risk
289,57250.36277667697,2626.9523307769614,435,29,0.2093569444532696,High Risk
290,96808.3238739714,4850.346360596017,703,21,0.12997165043065415,High Risk
291,23965.032492076425,20449.24053387821,640,8,0.16548687149708705,Medium Risk
292,24855.264537397874,7503.071948109958,617,28,0.4029984836355127,Medium Risk
293,126938.07288575557,28809.50156481635,662,36,0.5247232031128678,High Risk
294,66824.78338346418,34783.783487726025,681,22,0.12249841061771219,Medium Risk
295,36517.86664474502,40228.74825634506,532,12,0.46707562952082315,Low Risk
296,87891.62380712458,10807.361967995694,643,31,0.27065932297502604,Medium Risk
297,120099.16190281941,9206.646530694417,848,22,0.3392641849597613,Medium Risk
298,48056.73357458961,6123.824176385612,828,16,0.5644297749227828,Low Risk
299,100975.76185647004,32185.0822276382,482,39,0.26598575236792277,Medium Risk
300,31095.17044918984,35617.31059785816,340,20,0.33266846696974306,Medium Risk
301,26718.623751919,2547.72109645646,696,1,0.10684120738034056,High Risk
302,89076.10210385924,46874.4000659408,793,36,0.1407993600024192,Medium Risk
303,90282.56580931385,3546.592898922148,632,5,0.22929579556739202,Medium Risk
304,102865.88719476685,27523.520429752454,426,17,0.11392612041053721,Low Risk
305,114391.873383946,35743.965453094905,300,29,0.4156876630241255,High Risk
306,146860.77033012948,43677.4870635582,467,21,0.31319917840081124,High Risk
307,87119.04527915538,35990.25967448896,318,32,0.374072601364011,High Risk
308,61984.341482361975,40284.6760704198,631,29,0.18732359294816478,Medium Risk
309,123374.20531993148,17633.059434597497,755,16,0.24796601471830806,High Risk
310,55208.19266406965,40926.4305735791,408,31,0.43191223742636253,Low Risk
311,77066.2846917327,4925.627472849083,567,13,0.5826513618151999,High Risk
312,30199.329574494575,44846.016146965856,744,9,0.1252083868011046,Low Risk
313,23295.596644009478,27832.026431533075,539,35,0.5451921604276331,High Risk
314,145144.29390813026,41047.59072816219,600,33,0.38844060065560426,High Risk
315,128677.41566658676,23163.595941396707,402,8,0.3819597833778119,Low Risk
316,110476.64679218073,32535.307064629724,549,27,0.35013926760388014,High Risk
317,73163.88277385509,26793.73038586955,752,10,0.1346970429520917,High Risk
318,42528.26160920995,36847.886566011264,819,13,0.14493842586808034,High Risk
319,40336.81554724119,4999.86911949889,452,38,0.4004560028295431,Medium Risk
320,52531.57676139739,3957.252115537626,473,18,0.2704792857177791,Low Risk
321,91399.46641179566,13108.058466497176,642,14,0.5586340332888403,High Risk
322,112897.4699510081,8817.68932554623,730,27,0.3032952686797361,Low Risk
323,105825.65897330506,43717.39476301788,623,23,0.17164072935132055,Low Risk
324,56391.40660297257,11741.48538054417,719,7,0.457359416751018,Low Risk
325,144132.48648621523,48817.39753513743,784,8,0.24667671072050493,High Risk
326,115926.5991704499,17507.893796784236,711,32,0.3627351536779466,High Risk
327,92066.02682648209,9923.777868746265,383,32,0.448916392752585,Low Risk
328,99523.6970104658,39695.226849981475,412,18,0.5501320556010352,Medium Risk
329,74548.0081156127,33276.68099954293,631,2,0.4960955974008381,Low Risk
330,52205.02863515047,25411.59010620381,677,9,0.438180533936362,Medium Risk
331,66276.448224664,28212.813995943932,340,39,0.43981659119757177,Low Risk
332,118519.99436036799,36240.88713534093,404,0,0.5729623220160432,Low Risk
333,21871.153521868262,12194.282325233638,501,28,0.24791204874826803,Low Risk
334,35089.44326589911,49820.36188678035,749,33,0.10055604709809371,High Risk
335,25980.343462827856,48764.86494519237,565,12,0.23597727969909935,Medium Risk
336,25294.74430146612,32865.95863099991,509,0,0.208945689813372,Medium Risk
337,131209.87592143094,10777.580095528112,417,33,0.43091729255699907,Low Risk
338,111475.52171940308,34331.18387913328,676,28,0.41685579988276455,High Risk
339,81642.59778135228,4537.722039979617,839,12,0.39673069135236194,High Risk
340,32718.440884630192,2501.972608084497,383,28,0.10812172160472686,Medium Risk
341,83910.06376518821,13626.46153704947,753,38,0.4643890272253237,High Risk
342,81551.33020147354,23668.524880226498,813,23,0.2617652062427458,Medium Risk
343,42516.24308830197,43545.35276501065,686,25,0.4325279945033156,Medium Risk
344,76400.7144009365,36631.28441854909,649,16,0.37828921425107664,Medium Risk
345,71805.61547165854,37392.619538799074,595,6,0.27136546271395356,High Risk
346,100060.51274678814,21849.173387955692,557,12,0.16728813355205388,Medium Risk
347,102562.1746127937,17950.814634801183,380,4,0.14720944883024048,Medium Risk
348,25889.52127036579,19180.89938624553,567,25,0.5157591665561118,Low Risk
349,68699.63990144126,49394.82862306683,718,2,0.559198771040779,Medium Risk
350,101361.78904285072,2965.3503792116417,534,6,0.42489402338214977,Medium Risk
351,85407.7136154114,43484.54330999998,610,38,0.1517170574302417,Low Risk
352,131343.6793544819,29355.095020047276,656,0,0.3010136084441204,Low Risk
353,105630.17211046285,22492.155540289932,512,16,0.46446960005257865,High Risk
354,41181.47552058586,36537.62536034169,348,24,0.4899104420050341,Medium Risk
355,29173.93716205588,24846.77812981044,426,2,0.1591093111455443,High Risk
356,103514.50616682103,43797.738666001365,522,14,0.10001535942269121,High Risk
357,23446.470370410836,45134.391336551664,578,28,0.45606852294030253,Low Risk
358,96150.82556555023,21664.325416799315,707,31,0.27829808799310285,High Risk
359,142229.93138524448,14564.562064517528,804,25,0.22724066580913013,Medium Risk
360,94811.64312386427,30025.16610107475,593,15,0.10644873489476273,Low Risk
361,70462.09040684786,45705.80393521786,576,24,0.3701497033807498,Medium Risk
362,103627.46839750592,11322.447261277663,737,27,0.5255753677129908,Medium Risk
363,79572.87576389716,31525.362594610655,406,8,0.578815823136294,Low Risk
364,90930.18261107155,31946.450784533507,719,0,0.3828724753066446,Medium Risk
365,142390.42514094827,36922.53809834877,728,28,0.35723066386994706,Low Risk
366,70193.34291410065,7446.81657123573,674,21,0.14252819274462056,Medium Risk
367,144954.77329710883,36075.42326942234,372,15,0.3744364007712999,Low Risk
368,137695.58345428828,45542.59351261641,329,6,0.28998953948269734,High Risk
369,45452.847522608536,9804.472334641856,487,13,0.4035676404417885,Medium Risk
370,29016.96911377151,12639.622921270004,663,28,0.2943631739382734,Low Risk
371,33101.14017906546,48598.35960804034,750,18,0.22014956172518338,Medium Risk
372,22368.837334701464,9867.870682764998,494,18,0.14748263761418826,Medium Risk
373,32277.584898270692,42864.86957510938,455,1,0.25745922229444784,Medium Risk
374,108790.8805441264,25121.614965953704,471,14,0.14832241714387615,Low Risk
375,29254.52429982977,13114.322645755676,340,2,0.18844847541199197,High Risk
376,61466.83193818897,43666.74516235306,362,10,0.5936680792897729,High Risk
377,129833.7904260291,22819.95749513061,322,29,0.32205177845330935,High Risk
378,23025.351645657363,26226.05034255482,659,39,0.36593588325250825,Low Risk
379,125880.90273656165,18602.43510058852,374,17,0.5368092643686077,High Risk
380,56641.12072054199,30054.591720311444,417,1,0.5977844502453439,Low Risk
381,35361.427590815314,9012.669756666117,679,31,0.3913572246723408,Medium Risk
382,110575.83149733959,20162.995295936274,589,7,0.5062369105220859,Medium Risk
383,101762.57008138493,48501.203794429086,739,21,0.2634705121683376,High Risk
384,134071.36175851687,13648.53820235525,306,5,0.25287197872364553,Low Risk
385,115559.23569450514,33180.09656252332,495,11,0.30135186049728013,Medium Risk
386,124452.52095003032,16934.31314701005,720,39,0.4362536313368246,Low Risk
387,56664.49443426984,38900.183158643435,492,35,0.44109584462754936,Low Risk
388,43067.140691363966,7412.809375199142,447,14,0.25761971732472544,Medium Risk
389,117579.91771331159,48521.231208848694,501,27,0.16660496206831435,Low Risk
390,124888.51610474433,23235.687527798324,743,17,0.41619812823275426,Medium Risk
391,148765.66846008753,12566.472703976733,718,1,0.16416293109438226,Medium Risk
392,73640.29799848545,4601.34061917062,726,12,0.38924625411466507,Medium Risk
393,68362.35115306181,9318.137349289496,778,14,0.4467110640281545,Low Risk
394,120933.68489645958,26468.923479244866,774,19,0.4503057481972258,Medium Risk
395,64304.46023289232,17513.15564513303,425,28,0.47673605532979835,Low Risk
396,140998.45232846343,41615.284928247864,694,28,0.5364297107828323,Medium Risk
397,131593.65773959155,22113.48865942849,624,2,0.3499794959823942,Medium Risk
398,75769.22355875239,13186.999356793865,691,18,0.4651245947647856,High Risk
399,117613.23881289466,31240.10434359747,739,2,0.40958636768291834,High Risk
400,118090.57363100871,35632.08362738685,503,13,0.1933199698988413,High Risk
401,33406.102948671236,9185.053487146542,785,39,0.11284482243470409,Low Risk
402,137331.87786834367,9213.341598127565,330,3,0.2422706928384669,Low Risk
403,85682.80841822142,2796.8999197436056,687,10,0.32151685316880974,Medium Risk
404,127439.47059400642,37083.698738216386,733,30,0.4085529722143282,Medium Risk
405,61606.44813397953,33526.42185346845,675,31,0.5249796652516027,Medium Risk
406,136418.01970450606,24256.91291174088,643,26,0.19812285835308283,Medium Risk
407,70596.2182354412,42364.35199949066,742,29,0.16277489494923855,Low Risk
408,21408.894692438786,40477.83749455261,374,1,0.5817399737371638,Medium Risk
409,137699.65693450428,29682.363855440854,454,8,0.15402227968820356,Medium Risk
410,31867.267982197365,43545.29274514967,729,27,0.33924553505359456,High Risk
411,61510.77288675393,11086.219291801644,662,30,0.39278186439665097,Medium Risk
412,143508.05571660463,6484.061350488666,747,33,0.3706872104537191,Medium Risk
413,143578.9291018823,14217.730964332492,533,14,0.1430160785164716,Medium Risk
414,94546.9254560272,3797.2559483764276,561,24,0.1285134570018097,Low Risk
415,102138.8375820739,27027.30687205057,424,35,0.15274171373051784,High Risk
416,78297.91785718157,46893.67892245311,544,7,0.3927938419363063,Medium Risk
417,58117.40032074839,2927.8334927569726,841,8,0.3721724438171605,Medium Risk
418,62726.39089808908,6983.385786491313,784,36,0.21687039601837213,High Risk
419,107427.39929001499,23157.75238588833,421,38,0.41888707092279576,Medium Risk
420,117808.6888268984,46759.875858867345,424,31,0.5100337510278247,Low Risk
421,122905.27568436031,16491.649143860777,848,16,0.12078947992329689,Medium Risk
422,122650.358563292,25854.505625731228,469,34,0.3490649717740212,Low Risk
423,31856.793396329747,3037.0700934692127,423,36,0.4446552060513451,Low Risk
424,84274.63961133559,8268.816847142354,334,18,0.22615596353484355,Medium Risk
425,27482.638802163758,49344.876024983496,386,28,0.2538854526465746,High Risk
426,91438.75470208561,48290.81612536623,500,6,0.40681895149469194,Low Risk
427,77398.96517853902,1242.0590657860712,668,27,0.5489676467218685,High Risk
428,135401.54375857895,47638.77748573871,376,8,0.5049622101514497,Medium Risk
429,65618.95163177024,32316.87695295952,358,27,0.39156510954979173,Low Risk
430,35218.712135588765,43527.996431481086,730,5,0.4651108588786246,Medium Risk
431,38588.91866686866,23282.252926059096,799,28,0.2824112351038993,High Risk
432,118996.3821232714,26264.205400383264,408,16,0.4204827640493789,Medium Risk
433,100368.34823111394,24953.482432589088,577,15,0.3330907955637785,Medium Risk
434,33145.94789596273,33676.34861975911,367,22,0.19496806822878046,Low Risk
435,30933.884794949667,7842.911483059333,368,30,0.4508691369386286,Medium Risk
436,111125.9870896856,2468.70590376122,464,2,0.378232318674411,Medium Risk
437,29459.19082734516,16088.567137968355,788,20,0.2793107909767957,Medium Risk
438,126841.80770774631,35529.357374095685,604,25,0.5556695950393153,Low Risk
439,111811.48953034451,10890.81915402447,664,35,0.11046705891336664,High Risk
440,30575.34148344697,33998.18923292095,678,36,0.25788657562474804,High Risk
441,31028.90283107495,48525.690259256255,642,21,0.12844069888882328,Medium Risk
442,148263.1452051528,5601.135073681501,653,11,0.4832636581108136,Low Risk
443,68655.20344829565,33957.50379303119,715,12,0.4510537270568963,Medium Risk
444,68183.47911869582,22743.760745923988,408,10,0.26567610936815855,High Risk
445,125663.94374347533,43538.97046449776,796,15,0.4378314511035365,Low Risk
446,143142.31505990162,9680.33968292191,640,7,0.29796861309797495,High Risk
447,148180.13829697322,34938.67165908206,682,39,0.47812689571121714,High Risk
448,117939.16408366241,42067.6491927574,832,39,0.32709183136835307,Low Risk
449,68913.74611901905,47286.09675422714,599,1,0.3061398639158328,Low Risk
450,30855.09317082694,34479.153386192644,438,29,0.5673649577441505,Medium Risk
451,121029.09907056678,25361.563436412936,658,29,0.22543954994535012,Medium Risk
452,92592.55246565466,31274.514769859477,798,11,0.16022366999828272,High Risk
453,75148.86120210693,43576.34423945719,684,9,0.3922715566297291,Low Risk
454,137826.07006231567,28959.877585302653,579,10,0.5846609061420894,Low Risk
455,34455.672699799674,2488.965925145006,782,14,0.2889196068635933,Medium Risk
456,84041.26355781169,46616.48607984191,410,15,0.13101838181439077,High Risk
457,21475.97381976448,34786.8108005465,438,16,0.26965263365478376,High Risk
458,80925.88345923641,34149.15590308508,734,25,0.3529658271597792,Medium Risk
459,27319.425838638854,11568.082467488142,808,1,0.18096150331610686,Low Risk
460,35446.32911484935,33285.388041400205,572,11,0.42905110902824606,Medium Risk
461,35278.412081023635,20299.355877053764,398,25,0.5988746945051003,Medium Risk
462,104397.33927508826,32910.41587503311,403,22,0.32586973799072194,Medium Risk
463,116985.83430450503,6223.058485091546,513,17,0.27736427836510635,Medium Risk
464,95837.93946263075,33234.41992554876,464,31,0.3003520834172333,Low Risk
465,145082.43130169046,49971.272562762664,819,37,0.15757308919760057,Medium Risk
466,68733.17533808152,3362.3899041672453,583,2,0.5416368007131119,Low Risk
467,57142.571216641896,48881.53502684455,816,37,0.307412827760676,Medium Risk
468,132917.88666462986,20938.49007542066,463,2,0.2936372057124207,High Risk
469,49067.45900752884,43666.9190665257,363,29,0.42984513646523714,Low Risk
470,145218.93012727948,39336.8887188554,390,0,0.3210167104655618,High Risk
471,21580.081709676124,28783.79678834672,416,29,0.42411673440392306,Medium Risk
472,146084.2474719931,37184.011253315,566,31,0.13072314506539376,Medium Risk
473,25610.788553574894,44047.26250376605,439,27,0.5068616718611137,Medium Risk
474,135848.60478074924,20802.875760900617,545,20,0.5702519764397013,Low Risk
475,88601.14418121899,17024.624916598696,694,12,0.424382693079693,High Risk
476,149085.42349550902,33712.075892615656,786,26,0.5772829644294054,Low Risk
477,29593.55341560185,40584.45115512167,775,35,0.17571615718498165,Low Risk
478,92001.0569721717,38351.97160405417,816,6,0.3387080947401768,Medium Risk
479,146009.32963048288,40092.86879407309,483,21,0.40090336697272366,High Risk
480,88002.71974211934,22343.582425833716,319,9,0.3908683237105933,Medium Risk
481,101821.82295758413,41073.87659257606,823,38,0.30073088954452165,Low Risk
482,110447.32956800023,6890.2437131598135,828,14,0.26904220468313067,Medium Risk
483,79090.33841981052,27679.965800081627,446,14,0.1634120112752094,High Risk
484,101582.55041092825,1282.174364407957,603,3,0.29587122528113907,Medium Risk
485,95960.86055000302,16904.705665113244,527,31,0.18133040755274257,High Risk
486,137150.54136382858,18956.615208698495,401,22,0.4671828382461092,High Risk
487,25908.02944438952,20412.461888853515,716,5,0.204415467747295,Medium Risk
488,56525.214646989945,35077.89312780325,515,23,0.12928265264226693,Low Risk
489,143553.49292995263,20039.346962246942,706,19,0.3761830689086172,Medium Risk
490,135734.29190581912,22985.987508504,698,36,0.3976148663597008,Low Risk
491,79235.37786214269,12639.662412842046,798,19,0.5359565306402527,Low Risk
492,100617.23771419977,19289.337789837664,764,11,0.3884908062088409,Medium Risk
493,56059.55378754725,12136.211735894422,381,32,0.27274042686172284,Low Risk
494,44455.75076408897,4586.600264653738,664,27,0.5015059407631602,Low Risk
495,80280.79264219769,30568.981075687516,462,7,0.37013944659371056,Medium Risk
496,65935.78964338687,33742.4271291958,347,0,0.13964014231559588,Medium Risk
497,95875.29454061337,31355.026954471112,810,36,0.3829252801566233,Medium Risk
498,30105.502805448028,23711.208146228044,628,21,0.5540092727108312,Low Risk
499,146671.32499660164,19609.50322878226,415,5,0.29815631274911025,High Risk
500,148207.39678234837,43303.34882901944,636,20,0.24816290094990004,Low Risk
501,110761.02282256687,26435.007471674686,446,31,0.17173472850901003,High Risk
502,89692.52762473565,24479.912003856818,622,34,0.17572276096767867,Medium Risk
503,60238.59011722261,2256.4612245153485,742,14,0.3163857421709094,High Risk
504,125793.35256190333,17721.14355368166,312,4,0.39783991208076475,Medium Risk
505,109015.0524320043,19629.585320506994,793,5,0.14030770258480088,Medium Risk
506,41140.20211483587,20542.316263948123,586,24,0.5697842945125828,High Risk
507,138420.53398419952,29428.446092139282,413,39,0.47756680872259794,Medium Risk
508,126929.84158001197,27146.524789617044,779,28,0.39331195914183137,High Risk
509,143473.98872795014,30787.349546878788,321,6,0.5142193354694954,Medium Risk
510,114343.5360904868,38479.27981556429,648,39,0.14009337840605665,Low Risk
511,99743.97547165268,40836.30119708858,619,12,0.3384194388665622,Low Risk
512,74371.59471778045,36188.030735098226,425,37,0.4150465634308317,Medium Risk
513,141254.70283602172,47820.6611017918,576,17,0.5143264530591446,Medium Risk
514,132588.30563505308,1893.39655114172,503,1,0.4917347800246339,High Risk
515,25878.427113804624,10593.12129849376,493,7,0.23853462485669982,Low Risk
516,23427.706684642762,1370.580873928964,846,10,0.5704400847796022,High Risk
517,68940.23769414645,32726.260993575546,585,32,0.16217292071543518,Medium Risk
518,125371.93300163827,45003.49689854936,356,37,0.5375668093105761,Medium Risk
519,148345.8968109428,12930.632532238664,602,26,0.5854701248023093,High Risk
520,39554.19584345866,46424.692695019025,462,19,0.1885767616113128,Medium Risk
521,97236.99299577756,3953.102124188482,318,11,0.4610330321018926,Low Risk
522,69515.8113620328,46787.3653134702,669,30,0.12014275938899924,High Risk
523,146088.87171589842,18229.511674742087,563,26,0.30271141256957745,Low Risk
524,129475.46000764213,5969.62059401161,412,31,0.358141649598837,Low Risk
525,128982.73161244793,24807.716200129955,787,9,0.39032261295481707,Low Risk
526,80930.11077334614,13582.05181830489,626,2,0.5679686241242797,High Risk
527,73926.53530389647,14958.77219613422,841,26,0.4361253436470973,Medium Risk
528,55542.91935099181,16057.208281388042,364,34,0.34063897560961853,Low Risk
529,27328.814564620523,40348.268993800506,591,30,0.5048375181329446,Low Risk
530,132413.90891315692,27418.90255708747,324,14,0.5752664104772045,Low Risk
531,125677.13118691009,16254.077258644178,848,15,0.11103307434114543,Medium Risk
532,149963.297527197,30906.355382235,300,12,0.5912606361280194,Medium Risk
533,149562.7888196077,36091.38303693649,848,34,0.14306606953184017,High Risk
534,92206.12172834156,14358.576035943155,440,10,0.5071933896343807,Medium Risk
535,119968.36397346636,21263.905974742225,487,20,0.24016737627570625,High Risk
536,142819.54488471564,6972.41857351043,427,10,0.16608982887693588,High Risk
537,130454.16078806348,9876.318127199336,500,29,0.31992781985691743,High Risk
538,52155.25322661569,34374.774844284155,426,34,0.4219782897238068,High Risk
539,78570.73759031216,9890.47903708572,556,21,0.2904759225117375,High Risk
540,36790.72396969434,26733.005799685947,846,37,0.12728270414134948,Low Risk
541,144026.6335436339,35743.2668243992,493,30,0.3997305698293583,Medium Risk
542,98802.7024786144,6236.969231642448,403,13,0.5512016380553374,Low Risk
543,49723.56471545015,28798.298761816273,834,23,0.2916076829736258,High Risk
544,107321.08897276137,13571.576401366825,564,31,0.20816638881541352,Medium Risk
545,100356.67125952645,48183.41688664141,683,35,0.32128867296640773,Low Risk
546,66561.15334426926,24693.736689276313,559,31,0.12418135552439044,Low Risk
547,34762.48698595177,40493.634938982745,713,14,0.5102437922401374,High Risk
548,107304.51542706395,27961.100565656827,657,34,0.5131704054750934,Low Risk
549,87640.00111749313,3127.214109886139,374,2,0.39400023171481424,Low Risk
550,120401.39092563311,32024.417404107095,654,15,0.2765514444691948,Low Risk
551,87621.25514455914,47618.76376812619,487,4,0.4998916822228917,Low Risk
552,130783.59504141021,30478.97918717023,589,20,0.3773435123941836,Low Risk
553,91747.88904068312,41140.25411191272,344,9,0.5129661542750081,High Risk
554,92921.93629960022,44326.11670407198,382,18,0.4157293962915103,High Risk
555,133964.96834558487,12175.90882549769,422,24,0.4922027366063987,Low Risk
556,72452.77260761161,11390.197155503105,657,3,0.39928149660888,High Risk
557,37421.979698583295,30938.068453698594,827,28,0.30707053410783314,High Risk
558,23741.747920734066,21140.39502052853,365,18,0.5789729299630688,Medium Risk
559,118167.84323757047,42153.203840469294,674,1,0.37055691243942235,Low Risk
560,100640.24167595041,45101.133046502546,461,9,0.4025447592702692,High Risk
561,111530.36985289906,18317.647585833187,679,24,0.21024381970737463,High Risk
562,47685.3409961584,12606.65738974962,657,19,0.4128253947136382,Low Risk
563,37728.29182628007,39245.75024694923,487,18,0.3858038247414719,Medium Risk
564,21890.80653682465,14465.49574185867,621,22,0.19241919897351248,Low Risk
565,65576.3826448576,41308.10160717024,749,23,0.12979354867657186,Medium Risk
566,96689.2992911023,21763.174428789378,773,10,0.4021796598573856,Low Risk
567,70991.72586296519,33709.94506528205,312,33,0.48184613467516024,Low Risk
568,76871.73986308477,5681.230377898741,483,27,0.3617006854610041,Low Risk
569,137540.6302841873,31569.106909152077,410,4,0.21338631265982286,Low Risk
570,65273.210713029046,23136.616258124228,807,4,0.4332609883465175,Medium Risk
571,86818.6335907754,29743.81469559823,589,20,0.14005286330480113,Medium Risk
572,121874.8916563486,9232.696179498307,594,11,0.32091685240097734,High Risk
573,71550.56170176512,37106.81350226492,750,3,0.1816833791992101,Low Risk
574,100871.27102962356,43277.0567996182,514,19,0.19222952552994169,Medium Risk
575,132107.28213707687,11620.250204448006,326,37,0.20114697457910183,Medium Risk
576,143437.68107549346,5690.013220487925,530,24,0.2933535285219889,Medium Risk
577,39119.55252077493,2158.2907162704832,620,13,0.12557510281019882,Low Risk
578,140456.39127099427,32456.603521720033,532,10,0.29889672046454907,High Risk
579,83975.11810033995,30747.60776835026,736,31,0.35585372355735045,Medium Risk
580,53571.770478864586,27788.17322298943,832,10,0.34164714248316264,Low Risk
581,79687.64831097398,12365.407709682795,702,17,0.29139205020152026,Medium Risk
582,147404.23478711201,20154.39379937022,352,26,0.5195733040353763,Medium Risk
583,84040.35221907304,30129.340424122478,612,17,0.17266334621025206,High Risk
584,62737.709337376065,25341.5760840993,580,22,0.35284837189068696,Medium Risk
585,102342.11106117435,49401.490490529475,330,10,0.13102070847827715,Medium Risk
586,51218.930441165096,7685.547875279924,636,20,0.13557783943895488,Low Risk
587,29862.23265412631,35062.083148332094,482,4,0.38693292483854813,Low Risk
588,36754.3638483844,20811.619637110314,322,22,0.3830092124439105,High Risk
589,36645.95906451042,21981.781131355125,843,24,0.5390167564222285,Low Risk
590,39747.350156598266,36162.290517250636,745,9,0.3789368378300366,Low Risk
591,38047.53244442332,34929.371414894114,373,21,0.5798955102024251,High Risk
592,103313.7168244179,49571.54369140723,309,18,0.12434742419996489,Medium Risk
593,43644.41097188883,7291.320183252136,783,0,0.14900384239037054,High Risk
594,64936.74683210222,6101.372819824151,755,6,0.1220329307851907,Low Risk
595,136582.49328778154,36492.602039308316,459,3,0.19263842516677002,High Risk
596,81615.01323417341,29340.958933314047,313,0,0.3706350554708391,Medium Risk
597,106782.50600773354,14433.872661430487,477,14,0.422786090713714,High Risk
598,42401.583256211874,4891.549080460343,711,39,0.1227925789743344,Low Risk
599,44997.572445127196,5197.254230225096,352,11,0.5729854449227997,Low Risk
600,25312.920114642253,44815.352858541795,707,21,0.5210826883251906,High Risk
601,41961.55819938139,10401.498911218403,321,21,0.24830624107854657,Medium Risk
602,56216.74407415462,16845.20654366052,329,16,0.13859376511323399,High Risk
603,43011.362955977085,12106.163709122413,559,28,0.18494353660952864,Medium Risk
604,31531.32938841723,18394.818985764927,504,13,0.16347220687748634,Medium Risk
605,35682.6632430781,4401.768294558575,358,19,0.16164188964947343,High Risk
606,79901.23984425435,26433.929754505247,770,32,0.359280844332867,Medium Risk
607,46823.38339275302,4313.015616018531,765,14,0.22292372124670015,Low Risk
608,67355.0819362498,40217.46888329572,311,11,0.2790698582645722,High Risk
609,85444.2452111314,12451.892013611217,589,39,0.5947526666921612,Medium Risk
610,109751.32772181749,27460.58381562102,653,19,0.4421571244626724,Low Risk
611,25110.57817934286,44123.87529051145,374,29,0.5744903335235007,High Risk
612,123923.35185817555,32892.99108331252,740,37,0.1712782775165578,Low Risk
613,101627.05063381801,27114.93154101543,540,2,0.2910697374162846,Low Risk
614,30628.67415335335,16892.353902653405,453,27,0.3773659016411771,Low Risk
615,133565.22113388104,17317.093739851698,395,25,0.138379030944369,Medium Risk
616,139713.4120691357,33804.860804711316,593,29,0.10209372181397894,High Risk
617,27940.13478113229,49712.828699837206,508,12,0.4352171668984588,High Risk
618,55994.09425913649,33430.12030261955,642,12,0.42090975840071765,Medium Risk
619,124806.16637309798,28331.38745113122,387,1,0.30539440499980586,High Risk
620,117273.7597498756,36801.875001723056,689,36,0.3448220380160163,Low Risk
621,43987.73251632905,23795.07500190219,624,37,0.30772150029604484,High Risk
622,47215.41203377234,3946.9747874384757,456,1,0.11200252242244443,Medium Risk
623,68161.37336287966,28552.54397801758,436,35,0.26768580310873125,Low Risk
624,82987.98807483277,47923.63894076363,727,25,0.18854112769864492,Medium Risk
625,100373.12029893848,9589.844175525322,751,10,0.14921209455068438,Low Risk
626,67958.77314407041,34810.23965021262,440,7,0.5783602169446749,Low Risk
627,80129.51309730922,10845.750744293768,382,39,0.3996798625210828,High Risk
628,117171.22195738835,27255.556539180983,476,21,0.4643281421183013,Low Risk
629,24768.816375777726,5737.146032689261,497,19,0.2576818716330588,Medium Risk
630,52816.8027647227,23068.175876651072,720,7,0.2965735647470076,High Risk
631,112735.44616499182,38052.00311586706,700,28,0.21846199694836174,Medium Risk
632,136376.88889933593,18031.004687710123,770,39,0.14848283548271238,Low Risk
633,86518.0674750366,33580.67449987368,517,25,0.1895158187207919,Medium Risk
634,89174.75308449104,39977.04807869673,474,29,0.49875702264824295,Medium Risk
635,33932.36147417089,46431.71315449318,322,16,0.43877290259188795,Low Risk
636,78163.60768704911,12497.462010917223,534,19,0.37346443799273843,High Risk
637,89240.24463915301,20566.4798746561,312,15,0.337544936433384,Medium Risk
638,51521.165472514855,8468.384653190455,400,6,0.5612171418280623,Low Risk
639,55001.62002341953,49631.69160576039,835,15,0.1363674738893342,High Risk
640,69046.94120360095,46423.04742829047,822,26,0.240300406618958,High Risk
641,22609.25571110443,27457.89938374742,751,22,0.274968926785357,High Risk
642,61870.291525813176,42259.63142444464,730,23,0.4912129061063939,Medium Risk
643,47488.240909550805,26526.940886330067,832,8,0.5962573100809857,Medium Risk
644,62574.6557831289,31555.698712135225,592,34,0.22033525737857654,Medium Risk
645,35569.07713650266,5367.097173684814,400,19,0.5371536670685403,High Risk
646,135768.54649618635,38008.250604343586,801,36,0.5153113802158956,Medium Risk
647,97167.01896202633,7257.960698126506,603,16,0.21232869882088332,Low Risk
648,108283.30148878365,41477.31388237389,839,30,0.2996662900996113,Medium Risk
649,122592.26101895398,39319.37629584891,654,7,0.30483643464625954,Medium Risk
650,84797.48586077744,35728.49018940584,602,14,0.5891103342632792,High Risk
651,31299.63745136508,2771.8586457133433,795,30,0.19044595068944917,Medium Risk
652,89823.85043641122,15853.289441321102,526,29,0.499578985552391,Low Risk
653,96289.34534271428,13892.5159256313,535,19,0.267096357086555,High Risk
654,116907.1316439629,18646.683966104436,754,38,0.46543517288808023,Low Risk
655,76115.74100985832,5294.494591428089,312,11,0.3100055021478314,High Risk
656,36585.439363423284,46910.93332852208,509,16,0.38917988155827,High Risk
657,56890.86775383418,28136.309794906436,696,29,0.5163058866630655,Medium Risk
658,67200.69853182256,15970.691222243153,399,28,0.502082782491942,Low Risk
659,103969.24137310816,20452.094336639886,330,18,0.5332115917698501,High Risk
660,94201.17960695854,22912.92448473695,827,10,0.12980866267232952,Medium Risk
661,66292.57436672001,30429.122334670246,628,33,0.44602527651987245,High Risk
662,148246.98234308738,26268.29195712839,465,6,0.16999368836088144,High Risk
663,98750.72651639533,46050.20668750645,758,33,0.3079092840092055,High Risk
664,50839.48292567929,25351.21066238568,399,19,0.3742942075273442,High Risk
665,33231.72144065249,49615.74272634232,472,37,0.3013697423734154,High Risk
666,39871.68809396317,42719.82292950969,461,23,0.3598058379015038,High Risk
667,51974.50468998606,11217.015203509454,562,9,0.5982631543993095,Medium Risk
668,40888.57852374224,46599.1655175519,573,31,0.16760865685642737,High Risk
669,44253.713126669754,6701.953496388329,302,14,0.43772802266821276,Low Risk
670,57062.37193020013,41055.035716068385,327,36,0.2980004831928076,Medium Risk
671,42538.56738831813,19650.541380352424,625,19,0.1665048994536644,Low Risk
672,136579.50520143527,44020.74170180841,448,2,0.17936838168715477,High Risk
673,30430.386936013485,43534.777815265064,839,36,0.5746365531228085,Low Risk
674,88186.4806441331,40490.344605763436,787,39,0.539800748355881,High Risk
675,73351.587508656,39711.491379046005,737,7,0.553520980207511,High Risk
676,147709.22019811883,15929.277815803998,364,39,0.5957663879136933,Medium Risk
677,34565.057281846806,4965.044869511357,655,22,0.20415769500425898,Medium Risk
678,71721.22787594641,20746.02875949291,832,39,0.2777196686820309,High Risk
679,146031.15632579796,9502.701234338925,551,10,0.4346095149624334,Medium Risk
680,132515.92636621743,35052.60335622062,534,7,0.34190126993032366,Low Risk
681,126219.3692234064,17958.886600351492,526,28,0.3091947666891668,Medium Risk
682,53527.367515842176,48804.89984213583,824,29,0.27890562466779656,Medium Risk
683,42215.38636070855,32407.63178992127,612,9,0.3968903159717261,Low Risk
684,106923.61859017603,41301.547618083685,348,38,0.38779671432004104,Medium Risk
685,140818.87858658616,7493.708964350573,417,27,0.18072891703212005,High Risk
686,92379.17609181088,43238.709631358506,353,35,0.33586991875921957,Low Risk
687,94309.64963108698,46215.10233515632,343,12,0.376735888104925,High Risk
688,56397.28217583694,24866.03402212786,352,31,0.3851434693656952,Low Risk
689,120034.08131495179,30706.393949797894,824,35,0.2050535964561759,High Risk
690,44315.68731247804,38475.680244246774,401,36,0.47113569612614337,High Risk
691,62078.30073255168,9567.092735760214,697,25,0.11259954741053482,Medium Risk
692,75306.73702013418,25625.737746708677,437,21,0.2774159277715813,High Risk
693,85989.34922897915,20534.48836084334,686,3,0.49010632426781675,Medium Risk
694,51513.26521396043,8172.325615950206,410,30,0.3819464605277012,Low Risk
695,34928.78721609646,19009.186692285042,316,17,0.23058121625543013,High Risk
696,99380.60551741223,4340.443159889184,481,37,0.4474765596715239,High Risk
697,57521.97192123325,2264.7834405248623,835,23,0.38369547207803667,Low Risk
698,95560.9687849396,7623.1481685863155,840,22,0.49812180472819356,Low Risk
699,40067.1529856463,48192.64046786952,470,21,0.46751259309491167,High Risk
700,82548.21324112627,27926.94725885583,708,1,0.4050539610181173,Low Risk
701,89236.62623170616,48325.285896507776,677,30,0.344088837655407,Medium Risk
702,26737.0597869155,22192.396038176466,487,10,0.1665910628337617,Low Risk
703,63758.55616520967,16278.990521177719,529,27,0.2306665089426919,Low Risk
704,37473.90800206665,25800.95127917196,418,31,0.30954973645854267,High Risk
705,28238.746161459807,22536.072743012595,455,4,0.3996496435031943,Medium Risk
706,148694.8302106929,6177.569528825452,764,37,0.35685392760765244,Low Risk
707,61905.99984671399,32400.489419820104,403,9,0.24409226297976475,Medium Risk
708,125283.67796110253,11585.870942970381,801,39,0.10323217889485528,Medium Risk
709,53103.2851192893,31359.80978999365,474,23,0.348119610950407,Medium Risk
710,108595.3538891108,32859.85352750952,720,34,0.24281299428112155,High Risk
711,118829.62178565926,8449.217803303756,433,22,0.4673041503552675,Low Risk
712,97433.03627901975,4006.13172842274,690,16,0.11197313263524175,High Risk
713,81304.90451152058,39257.31771735355,800,0,0.39241390565289547,Low Risk
714,73539.31883914491,23530.22076469669,332,30,0.5707371187530327,Low Risk
715,65352.87465058939,3850.025979768314,354,30,0.18720463355574976,High Risk
716,140838.78875221737,49748.44954131859,818,33,0.3358247453752977,Medium Risk
717,127980.52301240478,3831.2474888219654,311,8,0.1457109959085691,Medium Risk
718,145453.49838664662,35056.72621406911,827,21,0.4128409561306763,Low Risk
719,36158.639053120816,49200.267337907266,672,12,0.37526584029811283,High Risk
720,115012.77177647375,12719.825106580354,783,24,0.3036827621064162,Medium Risk
721,141984.25938673492,7970.2190656726125,527,17,0.3606885107368706,Medium Risk
722,43560.29860153582,6947.8620316990155,606,11,0.5482873292345051,Low Risk
723,28644.514757681074,15860.482230812182,756,39,0.19814715115553352,Low Risk
724,116345.68440770768,5951.244739521688,459,16,0.11128225585267362,High Risk
725,94681.50471338855,34915.90574301247,630,14,0.5308324423495505,Low Risk
726,129437.74097857537,4052.298108373072,524,14,0.3885585411939533,Medium Risk
727,38170.408961417634,25961.684279339697,803,14,0.5453292277309212,Medium Risk
728,123384.75054178573,49838.14583879586,755,38,0.3984726117065863,Medium Risk
729,46211.55160620679,40884.54320579492,344,12,0.5050805449798512,Medium Risk
730,41275.27257254159,31145.752473319535,513,16,0.31483668167757395,High Risk
731,41354.55373102908,16006.427418543972,358,31,0.47492996564413437,High Risk
732,125894.71363007967,31570.895978290286,494,8,0.556520733444928,Low Risk
733,106475.63869050602,26825.03173167093,788,39,0.3860614818611031,Low Risk
734,87998.50521998551,21878.085810628203,456,19,0.19039257528118977,Low Risk
735,66647.96293605532,7404.8084602697745,525,25,0.2343988075150991,High Risk
736,134036.07030570408,44443.60654678287,711,26,0.1993222884487029,Medium Risk
737,71017.8639649426,23039.447792244802,504,20,0.22342851379786646,Low Risk
738,126157.92713130503,10536.503079217488,378,17,0.2532077246755182,Medium Risk
739,77087.5381141284,19020.208192987193,423,12,0.3775668933765942,Low Risk
740,69002.77582523799,21292.357873917426,770,15,0.39399581473191636,Low Risk
741,80148.37213704883,41549.35688277684,517,8,0.3132498736209306,Low Risk
742,59179.12364133847,36947.1046475087,815,11,0.40771038991041775,Low Risk
743,117189.21942291265,38695.93978842565,403,37,0.14078746280568297,Low Risk
744,85353.6507120223,1540.5319570037136,692,18,0.14389411852908,Medium Risk
745,50187.650369086245,21391.545910808312,733,6,0.18591473017882923,Low Risk
746,136944.6945256939,24585.86343013086,630,34,0.3590387490201724,Medium Risk
747,69905.85877851749,1940.4215643297775,442,17,0.2069973393491568,High Risk
748,90661.87194481851,13730.847228506676,839,15,0.24164220174628867,Low Risk
749,137841.37442539108,38254.201332984616,577,38,0.30015641808649707,Medium Risk
750,101150.93946881898,7718.375580720954,532,3,0.50593306200519,High Risk
751,35196.74529208733,27230.19644117699,828,24,0.10693106795643006,High Risk
752,142178.17606975176,11544.891728844637,389,31,0.4246894101183112,High Risk
753,101602.04689928432,1593.9179575507703,791,39,0.4344382655203427,Medium Risk
754,63537.7299054212,12818.871422377533,498,12,0.49932789017831825,Low Risk
755,38105.369446240344,48817.81399059264,661,16,0.5663764695301566,Low Risk
756,123223.27460513847,40275.31848226649,740,36,0.11006892447464492,Medium Risk
757,100609.45827070676,48019.25557173064,325,5,0.1768918527566081,Low Risk
758,89349.9419569218,24904.848152391758,324,18,0.5430856470279966,Medium Risk
759,136206.0357966245,6377.073735197671,693,12,0.32925928109350766,Low Risk
760,122517.63745918899,27850.014959710956,806,25,0.3822953194667318,High Risk
761,39717.73436525765,23264.48939343808,600,13,0.4315136018615737,Low Risk
762,60523.86881342127,42373.49705424118,638,30,0.4395333022478187,Medium Risk
763,52303.58817588055,5806.046458427985,566,3,0.5658702016582541,Medium Risk
764,116713.018034448,24923.815714067132,760,38,0.5984747087058349,High Risk
765,24359.21651565132,8352.38457000523,755,7,0.4600787304654701,Medium Risk
766,94085.65903327115,16909.12041761294,659,24,0.24361060460257541,Low Risk
767,119119.62914628976,37130.49679200218,367,12,0.5398762011471718,Low Risk
768,133979.53277902742,24324.88833906956,711,31,0.12461045727038081,High Risk
769,64470.62733306797,19418.525972142696,790,37,0.2155404264372481,Medium Risk
770,126763.44960736168,20329.33764993173,348,37,0.5486928587318575,High Risk
771,34382.12580417694,23512.891651893344,401,27,0.22809575721967748,Low Risk
772,130038.79792548736,39465.81064801579,515,29,0.21032552981087424,High Risk
773,36573.52610315771,44712.149758071486,737,2,0.16906264657012363,Medium Risk
774,71647.34777284774,47811.399638692485,458,27,0.5295558788234582,High Risk
775,123648.39755134197,39558.26592650946,788,2,0.35002912959554333,Medium Risk
776,39489.26555534059,16454.937891652626,541,33,0.43744660152707737,Medium Risk
777,49802.68138024339,34718.60059824056,304,15,0.21953319203751484,Low Risk
778,113892.83389109862,22442.553078714205,660,21,0.4790202105056083,Low Risk
779,113604.74975098966,13478.860480256508,758,31,0.4800027724810493,Low Risk
780,103349.19227508864,42202.70739187021,547,37,0.2562990124541501,Medium Risk
781,110213.297780723,2882.891099153925,721,7,0.3053413165051414,High Risk
782,90554.1776351875,45186.337614635755,314,7,0.20484513871510043,Medium Risk
783,52733.87765790385,23612.395766611975,421,5,0.5882805116614521,Low Risk
784,64940.47915550953,32222.87236360574,576,13,0.42280128852920584,Low Risk
785,43607.70318418534,33308.34218808335,752,31,0.5672719403577577,High Risk
786,138098.5729733717,44860.76929462028,689,34,0.2516927718145666,Low Risk
787,95840.93331959566,32196.81442619316,593,9,0.4909454564984449,Low Risk
788,72110.68417927319,31082.745653243026,745,2,0.48292932194237104,Low Risk
789,80060.75447373725,4265.9499874738085,509,11,0.44582782593327075,High Risk
790,143146.83414953598,26401.993075315,601,30,0.5828194876334002,Medium Risk
791,39935.682405090425,8358.28104003504,522,28,0.29677766805315775,Low Risk
792,96209.87816218364,37134.25466735279,302,4,0.16535866179487865,High Risk
793,85765.52825498057,26098.87411982105,817,24,0.43585442962203036,Low Risk
794,99489.05060650421,34331.16118120931,392,30,0.4646549002386031,High Risk
795,22354.323896709266,3041.972129516829,819,20,0.38753028672940737,Low Risk
796,133376.1081627397,5154.808786244358,727,19,0.20340894656669814,High Risk
797,141175.3767228696,36099.84601507143,792,38,0.3522279708346777,Low Risk
798,93467.31386659716,4532.132463934995,534,21,0.25609486828456474,Medium Risk
799,110564.607103996,4491.579660497671,460,3,0.31373326408334457,Low Risk
800,139924.91955304844,1593.315286509485,630,12,0.422609287922332,High Risk
801,111941.02246074182,47868.568516674524,632,19,0.4726073713454173,Low Risk
802,39830.075578853975,37137.90961349134,349,12,0.21611234545067157,Medium Risk
803,94917.48682168571,18309.319016601145,822,16,0.30266268032347665,Low Risk
804,98872.95602977126,15530.243483095106,791,35,0.2345807854958146,High Risk
805,75136.9872693102,18135.458257546627,571,32,0.19931580693093456,High Risk
806,115737.75063121397,38958.02302787791,551,0,0.4916936099979192,Medium Risk
807,141467.71191997192,33407.15994245031,389,14,0.5546263472184962,High Risk
808,140323.9066778809,10074.58282550593,745,12,0.28511609284228834,Low Risk
809,78609.11828253718,9531.357431370134,631,16,0.47563946218688347,Low Risk
810,34720.94595929818,5821.3868359564685,438,23,0.5484976446822055,Low Risk
811,148029.35586510348,33354.83326536557,656,7,0.5230621052651158,High Risk
812,129056.75123797143,38454.26044886506,573,26,0.19140669426961296,Low Risk
813,36206.14855642469,13987.274987925197,318,22,0.5781459407566807,Low Risk
814,139709.4447402584,2026.3030905147277,610,7,0.2883382202147312,Low Risk
815,133086.52706807666,5026.411706344939,453,7,0.26962033058691814,Medium Risk
816,87448.94742638938,48425.141707406496,689,25,0.13121566363889017,High Risk
817,96865.8066468408,15476.794096393593,559,12,0.34308682705244153,High Risk
818,71870.35150311694,38691.93424406855,424,38,0.15450680782046436,High Risk
819,27119.013046864075,31608.514873858923,653,36,0.224269910463713,Medium Risk
820,63575.64141396712,19715.0423429919,572,27,0.2584713108836407,High Risk
821,124370.94831774148,11078.6758475822,544,24,0.504413161745842,Medium Risk
822,20602.162990598372,6947.934489810915,749,15,0.5377443251979482,Medium Risk
823,63354.89231984875,31135.635433904463,546,1,0.2512331587307348,High Risk
824,71761.93016682263,38957.05525125161,819,17,0.5293490606222869,Low Risk
825,89861.42838192997,32551.308423515402,440,16,0.5286154686848955,Low Risk
826,139581.23013365886,26984.80452920876,661,29,0.48232547519243674,High Risk
827,65024.97926757496,3055.609948150177,307,38,0.17334755700759077,High Risk
828,65103.9162465096,48455.95010212481,777,12,0.44516142345036447,Medium Risk
829,115875.16225426728,40136.99539107415,651,31,0.5725120322902844,High Risk
830,78788.33231567492,15348.279798347272,794,28,0.44127023938357857,Medium Risk
831,49198.62698219766,49018.54613858368,726,29,0.26580842455391696,High Risk
832,78817.13709725015,30492.19789217978,338,17,0.3502896587154156,Low Risk
833,38311.41264937398,29538.710252155077,486,12,0.42286252167552685,Low Risk
834,42930.30824580903,37655.58579204707,392,20,0.3552852043642518,High Risk
835,84787.81045613237,40776.71961641674,385,29,0.15997647086548492,Medium Risk
836,74460.30843559123,33167.45175924363,343,20,0.2560320223260103,Low Risk
837,138929.967138853,7276.691571943801,436,16,0.5011980152768163,Medium Risk
838,67111.2068851623,17575.10779373042,720,39,0.5307090230477587,High Risk
839,95476.48553614564,46476.098375976435,373,18,0.16865001635778512,High Risk
840,102194.35742953896,12006.164980348743,847,14,0.5761933761993623,Low Risk
841,21702.279356483374,19236.18416803815,811,8,0.26441130892430464,High Risk
842,106259.85836217238,22171.767264265603,455,9,0.43115686936536,Low Risk
843,43144.675693067686,22530.844495028156,554,30,0.47591257297834055,Medium Risk
844,144939.14127102916,31034.03954223175,470,22,0.5059731173189417,Low Risk
845,39326.15460790468,47210.71604949067,469,29,0.5728748511129651,Low Risk
846,73901.13608451308,12793.942879792743,621,32,0.25645977401441133,Medium Risk
847,31095.4568502237,6953.567438744985,755,8,0.5292532272757773,Low Risk
848,149593.65273997316,10676.05400313693,454,0,0.16584345171810352,Low Risk
849,85285.35134306154,44459.32011025421,648,34,0.45252045317679634,High Risk
850,97400.0522516057,32644.729820105094,750,10,0.470988864756993,Medium Risk
851,28719.942060495574,15009.432672718847,472,33,0.43886162060066025,Low Risk
852,117494.86115189311,40981.400009462246,309,15,0.2261573680675765,Medium Risk
853,47287.72710242615,43207.12982180837,564,8,0.5365215735076017,Medium Risk
854,136747.0576272928,42479.202595823626,737,31,0.1844292316851975,Low Risk
855,46668.15326266093,46027.400148338165,546,14,0.12681739576041542,High Risk
856,44789.40368627665,13359.809988494717,845,11,0.45873249530595606,Medium Risk
857,24751.456820252333,37997.054508567635,798,32,0.3377378576163669,Low Risk
858,81368.7028642999,23566.43536643286,428,13,0.5245490099793381,Medium Risk
859,93429.34732414014,42257.92909161301,626,7,0.2916985705291295,High Risk
860,28542.12312568581,36696.04318091905,703,7,0.18413929425385642,High Risk
861,120818.59017035138,39045.924878486505,658,26,0.5182210962349348,High Risk
862,78927.54851724359,33151.93004637251,316,11,0.3744548158200358,Low Risk
863,88170.7350125854,9694.009704015636,573,0,0.19459789619517745,Low Risk
864,77299.15710196966,27706.31902594998,415,39,0.46019199929322285,High Risk
865,72099.19791379238,49248.8172367009,390,10,0.35555681924475024,Low Risk
866,92753.24307006832,46932.01525835883,381,38,0.40215649112015994,High Risk
867,40181.23197099262,3115.513054053572,623,30,0.3304491691032909,Low Risk
868,43650.65696438524,9075.925970742419,413,16,0.5143544919090032,High Risk
869,132032.13073175726,7454.709899273534,357,32,0.5147813578415249,Medium Risk
870,142995.01007737225,36573.01558927948,453,31,0.4546944109121931,High Risk
871,68530.2111163679,41071.481162990305,703,28,0.15270068869823114,High Risk
872,55196.807508661994,11462.056949222924,565,20,0.5194269309520344,Low Risk
873,103719.94062107205,25786.78195463962,614,20,0.43550649026645494,Low Risk
874,73135.44224275253,42194.4483725488,340,39,0.44851208300214973,Low Risk
875,23300.22623584483,36907.27569354628,404,22,0.28149142020193585,Low Risk
876,40299.837657604745,27569.623069100566,492,5,0.5396397780785034,Low Risk
877,113076.38975016167,29927.036832479873,700,21,0.46268580011742877,Low Risk
878,105660.11244831968,25909.666798897717,577,37,0.15629523326459724,Medium Risk
879,23522.479025452853,15579.874114622207,653,36,0.30388901720308137,High Risk
880,48856.38105128343,28686.07765009179,555,7,0.5431901809800709,High Risk
881,50039.72355644928,34755.379800454444,398,34,0.1235983508486895,High Risk
882,107346.0566678347,43792.82287717958,581,10,0.5807083098210247,Medium Risk
883,22562.36990806734,32178.276344983155,702,23,0.43958128415978137,High Risk
884,33534.1156579946,38294.95531511474,408,20,0.41568798882168834,Medium Risk
885,123989.09109851462,8843.510112774076,498,1,0.2352796282439957,Medium Risk
886,43210.80606706337,23616.316246569706,602,39,0.22439589436958854,Medium Risk
887,104856.99402074372,1457.2493715275714,626,18,0.5710291097442978,High Risk
888,50963.76153607445,13087.264361559528,453,38,0.24913622711706138,Medium Risk
889,32927.38105871487,36596.62404053724,704,27,0.4877526483594997,High Risk
890,51612.384829929026,49598.68761611881,761,16,0.29656089910353955,High Risk
891,113894.7011412357,5859.72687977358,431,5,0.169627035392352,Low Risk
892,131240.54085381713,20673.221477203126,383,18,0.10535764884767948,Low Risk
893,127928.5823937089,40203.47746625882,698,37,0.3721286685076254,Medium Risk
894,71633.85885039912,10997.746096816043,408,27,0.5878894092744663,Medium Risk
895,106851.067754184,28199.162515812026,520,1,0.2845680969046023,High Risk
896,46647.95840405673,36920.49350545406,667,37,0.27859616699652245,Medium Risk
897,58109.204933931724,31183.287062748772,446,36,0.2720458089247211,Medium Risk
898,136523.65640774556,10213.21199615539,411,3,0.36027191865242925,High Risk
899,21690.250056395686,18413.843865601233,793,21,0.3203324417121468,Medium Risk
900,31116.10901108085,39405.79743978447,804,25,0.5399573133635073,Medium Risk
901,47025.21316898355,28157.099192468813,774,35,0.3527603958617451,High Risk
902,23449.186503596564,1256.2510636027241,570,12,0.35387891909428437,High Risk
903,43586.60656167365,38288.5472413766,720,31,0.1691857973602783,Low Risk
904,95795.40292605998,2730.2563920717143,666,16,0.591369770455193,High Risk
905,74785.19157702473,37540.95535383037,579,35,0.22498644543441484,Low Risk
906,136047.3224400067,10921.547448096633,582,18,0.13668203372980134,Medium Risk
907,126267.66302599732,47945.60052584963,339,34,0.43157312448760443,High Risk
908,64436.25572072388,19029.096813802138,488,39,0.39768318507843636,High Risk
909,53725.046346068026,17019.649200565877,463,27,0.3075728269963729,High Risk
910,69360.0130617447,8295.51446628979,835,0,0.311096116940339,Medium Risk
911,96738.342526925,15974.606559020529,835,17,0.4925319605232156,Low Risk
912,54848.27330697391,43955.88732958183,303,39,0.19785632004982454,Medium Risk
913,101139.35802038742,49820.38254373512,589,32,0.5101266594724448,Medium Risk
914,73223.51478486125,19047.16699483557,732,11,0.4243735569475091,High Risk
915,91766.13351075743,22981.920916772586,770,7,0.30948488688976217,Low Risk
916,76696.44878759117,36381.47597193412,480,23,0.32901430829193434,Medium Risk
917,58280.548740449296,44423.59324278865,547,15,0.2283236035930479,High Risk
918,143298.92990508035,30059.172375152422,578,3,0.4760571663484874,Medium Risk
919,119268.7532407689,20184.759210713637,553,37,0.35643737115263385,Medium Risk
920,38214.71284963883,21218.470201582564,480,26,0.26042727137492183,High Risk
921,132900.83686672867,35085.28917834353,808,8,0.39802505788047515,High Risk
922,83366.05577243678,1157.6949166096554,625,15,0.5978672260256616,Low Risk
923,136291.78949623188,31359.877535532192,656,11,0.31763113982827695,Medium Risk
924,123981.18327315098,18419.157511626512,690,30,0.5603457003893098,High Risk
925,75277.75558100035,39915.66923257713,384,23,0.27250841996228303,High Risk
926,22921.010081615263,5556.541351333476,616,13,0.12736635346249295,Low Risk
927,54928.05672004299,29821.911080471134,511,24,0.20212105318421444,Low Risk
928,90412.4479059127,24567.671604420062,814,33,0.3093475716638421,High Risk
929,102352.16857739915,32473.950769356143,683,2,0.2098174642972845,Low Risk
930,53525.3991063163,4177.826129665449,641,23,0.10011351910912777,High Risk
931,38116.28962946714,29419.205583978433,337,8,0.5575007688737637,Medium Risk
932,128540.93078390889,28512.744810016662,810,25,0.5219397056154645,Low Risk
933,147972.28349146177,28472.344626392376,719,19,0.47114611574347354,Medium Risk
934,88339.72369934915,30570.895663226285,468,39,0.18390729782301432,Medium Risk
935,42318.30716027945,34146.92892409175,642,9,0.16018178810499303,Medium Risk
936,55399.952447517964,40444.46098435772,605,18,0.13380237473619158,High Risk
937,22390.787951170674,14221.215286282502,841,2,0.46201459438646064,Medium Risk
938,138858.84485286486,41427.42109882304,836,23,0.5644039803439427,Medium Risk
939,35307.64077571835,25414.528430909228,411,4,0.3152679104565185,Medium Risk
940,94947.14181685296,4775.855677582227,710,2,0.1595703359980241,High Risk
941,55627.17868933678,3868.9955329549807,505,26,0.3561964103660533,Medium Risk
942,92043.14032705314,17377.67761610698,484,15,0.27441595372931504,Medium Risk
943,104684.65048574234,39459.95187846191,681,14,0.28741246217499883,Low Risk
944,127866.43448193622,35676.36580230487,795,34,0.4106653120778536,High Risk
945,46834.76532887842,39642.13326894792,678,11,0.4593590566311012,Medium Risk
946,21429.45772560246,26346.18376563886,346,25,0.15530179943658043,Low Risk
947,37795.131908944946,22569.75089981904,827,33,0.1177951154032382,High Risk
948,137002.42344025365,8225.173808607913,803,22,0.5971651513428574,High Risk
949,133605.71008312696,17081.444926856268,321,30,0.21636417445777592,High Risk
950,97663.70328214008,22266.948942519888,512,19,0.12691526245422954,High Risk
951,98067.19185637494,5341.421054301244,609,11,0.19493766454796,High Risk
952,106454.76769101321,11809.985682849352,571,22,0.11947892317423212,High Risk
953,42798.26622104844,30313.0394091232,501,3,0.2959054473085858,Medium Risk
954,138873.55297024478,37047.4925977203,331,22,0.5012008922256621,Medium Risk
955,74440.1682359695,49919.02805825453,742,0,0.27062222487886034,Medium Risk
956,69808.00867243466,46722.553235834326,461,24,0.32209170343918325,Medium Risk
957,87459.30168676889,32485.694777224384,553,1,0.4377933867837194,Low Risk
958,26105.575680757156,21641.15461140953,820,29,0.3544470350349401,Medium Risk
959,41616.83793829032,32172.6908707034,779,2,0.5307228430106621,High Risk
960,115944.37013542815,39496.929285931365,309,20,0.5330178375228782,Medium Risk
961,30763.82683026644,6798.473355245978,804,24,0.10495534774557683,Medium Risk
962,98409.77423063047,21085.339595118123,735,19,0.4890231532415996,High Risk
963,51895.38425857172,42150.31199614525,410,21,0.33036680012083697,Medium Risk
964,70608.42982545696,19807.814644719158,452,20,0.5944202706518316,Medium Risk
965,57530.18578019099,29021.74129013214,401,32,0.34161603793771755,Medium Risk
966,66237.4531404434,29800.698682247712,490,37,0.5934479726941487,Low Risk
967,113475.96767395192,10039.336403548328,380,14,0.4772846806028683,Medium Risk
968,58625.823031012755,18749.53664096213,788,14,0.22430244230665317,High Risk
969,93632.60323859664,17391.053148354677,387,24,0.36919748964347887,High Risk
970,81886.55228588296,2283.638718071175,493,20,0.5960678197392913,Medium Risk
971,106277.25149714426,2185.396430676407,403,23,0.5287653038759619,Medium Risk
972,141787.86611221853,41753.155140112896,395,4,0.14868344689561055,Medium Risk
973,115234.37263733253,14380.469688667808,722,5,0.45318599840499807,High Risk
974,47942.24921679838,26385.859545701955,497,22,0.2727897929354065,High Risk
975,24053.807557967008,15637.55310584988,300,3,0.10349113094017406,Low Risk
976,54094.32575897726,47093.283010651685,706,26,0.3017404845134998,Low Risk
977,97360.13099103313,13705.541184422913,677,17,0.21737721086248565,Low Risk
978,26685.355752952546,22053.18382420782,466,20,0.5094346352602358,High Risk
979,84527.61213616072,43763.78227374549,808,27,0.2686653044228827,Low Risk
980,97589.5703591956,42254.74477279862,612,34,0.5137618469769085,Medium Risk
981,63451.705806204904,10118.969474467589,717,21,0.10029896941739766,Medium Risk
982,120218.58648695685,40329.52217998981,776,39,0.25390957501305955,High Risk
983,33857.77290739033,23451.15745015674,372,22,0.22058260715388098,Low Risk
984,29767.91162565514,24665.474732182407,440,2,0.2167836805343055,Medium Risk
985,114664.53830646843,7540.518648381245,561,39,0.13409330988273135,High Risk
986,84413.8711068058,4949.4741740991085,639,9,0.19356213520525087,Low Risk
987,109492.31153560568,36669.0260417145,607,24,0.3777747849428099,Medium Risk
988,76527.55401848702,25326.596465409686,544,7,0.24568053641887225,Low Risk
989,52032.26432108389,22405.6844281438,814,10,0.30869739116457395,High Risk
990,126483.30129764596,36745.90320396744,636,4,0.2884334401735943,Low Risk
991,123924.0642659673,38510.132050564374,375,36,0.5379524624999473,High Risk
992,110310.54121107548,8786.500215798325,474,37,0.5526494995052578,Low Risk
993,55378.86783989515,30901.032324404423,408,28,0.34647848582793006,Medium Risk
994,96729.98669298133,7632.350031606591,482,4,0.2650779751578022,High Risk
995,66926.60660220348,37817.379215423236,491,8,0.15340035200118182,High Risk
996,31905.669532462438,33190.80265708984,364,1,0.5767014396910475,High Risk
997,139250.76481009158,47874.11643308944,773,0,0.13011347245014873,Low Risk
998,37786.42201946498,4378.942801464638,399,39,0.24882513878414023,Low Risk
999,143530.8559967043,3795.6813364114614,843,29,0.24903310058500208,Medium Risk
1000,77980.75048453425,14827.166659966808,427,10,0.2602006430701075,High Risk
