transaction_id,amount,transaction_type,country,merchant,time,device,previous_fraud_count,is_fraud
1,3746.0266483547775,cash_out,UK,Target,36963,Mobile,1,0
2,9507.192349792751,cash_in,CA,Target,54330,Desktop,2,0
3,7320.207424172239,payment,DE,Amazon,51707,Desktop,4,0
4,5986.986183486169,cash_in,DE,Walmart,18689,Tablet,2,0
5,1561.0303857839228,cash_in,UK,Netflix,29084,Mobile,0,0
6,1560.7892088416902,cash_out,US,Netflix,40387,Desktop,2,0
7,581.7780380698264,cash_in,CA,Amazon,74816,Desktop,1,0
8,8661.895281603576,cash_out,DE,Walmart,2642,Desktop,0,0
9,6011.549002420345,transfer,UK,Apple,42137,Tablet,3,0
10,7081.017705382659,transfer,DE,Amazon,79832,Desktop,4,0
11,206.82435846372866,cash_out,CA,Amazon,55561,Desktop,4,1
12,9699.128611767781,transfer,CA,Netflix,62260,Mobile,2,0
13,8324.593965363418,payment,IN,Amazon,15438,Mobile,0,0
14,2124.1787676720833,cash_in,UK,Amazon,48442,Desktop,3,0
15,1819.067847103799,payment,CA,Amazon,2994,Desktop,0,0
16,1834.8616940244847,cash_in,IN,Netflix,1813,Mobile,4,0
17,3043.118187352418,transfer,IN,Apple,84381,Tablet,0,0
18,5248.039559890746,payment,DE,Apple,55276,Tablet,3,0
19,4320.018241402516,transfer,DE,Amazon,41243,Tablet,2,0
20,2913.0001728402212,cash_in,IN,Netflix,62912,Tablet,1,0
21,6118.917094329072,cash_out,DE,Apple,60272,Tablet,0,0
22,1395.7991126597663,cash_out,CA,Apple,42051,Tablet,1,0
23,2922.1543407036465,payment,US,Apple,78854,Tablet,4,0
24,3664.2520710936233,transfer,CA,Netflix,82736,Tablet,2,0
25,4561.243772186142,transfer,IN,Netflix,65618,Mobile,2,0
26,7851.974437968743,payment,IN,Amazon,1920,Tablet,0,0
27,1997.538147801439,cash_out,CA,Target,77219,Tablet,2,0
28,5142.830149697703,cash_in,DE,Apple,76872,Tablet,0,0
29,5924.553274051563,payment,DE,Target,81132,Desktop,0,0
30,465.45767678725724,cash_in,IN,Netflix,2093,Mobile,1,0
31,6075.840974162482,cash_out,UK,Netflix,12905,Mobile,2,0
32,1706.070712749228,transfer,DE,Netflix,24351,Mobile,0,0
33,651.4508782598099,cash_out,CA,Target,30981,Tablet,1,0
34,9488.906486996078,payment,DE,Netflix,73903,Tablet,3,0
35,9656.35469871252,transfer,CA,Amazon,70821,Desktop,1,0
36,8084.165083816495,payment,IN,Netflix,82289,Mobile,1,0
37,3046.8330779645335,payment,DE,Walmart,84021,Tablet,0,0
38,977.6234679498323,cash_out,CA,Target,78513,Mobile,4,0
39,6842.646032095056,payment,IN,Walmart,19874,Desktop,4,0
40,4402.084784902273,cash_out,UK,Netflix,50931,Desktop,4,0
41,1221.2603102129435,transfer,CA,Amazon,7674,Desktop,1,0
42,4952.273924202591,cash_out,UK,Apple,50516,Mobile,0,0
43,344.85082263106875,transfer,UK,Netflix,60686,Tablet,2,1
44,9093.294700385743,cash_out,US,Amazon,69212,Tablet,1,0
45,2588.5410360185692,cash_in,DE,Target,2426,Desktop,1,0
46,6625.560321255466,cash_in,CA,Walmart,68498,Tablet,0,0
47,3117.79904981802,payment,UK,Walmart,29943,Desktop,3,0
48,5201.160143756931,cash_out,US,Walmart,66395,Mobile,1,0
49,5467.556083153453,cash_out,IN,Target,44816,Desktop,3,0
50,1849.3597007997448,transfer,CA,Amazon,4138,Mobile,3,0
51,9695.87669301782,payment,UK,Target,75945,Desktop,4,0
52,7751.553100787784,cash_out,DE,Walmart,4017,Tablet,0,0
53,9395.049916700327,payment,US,Netflix,10451,Tablet,3,0
54,8948.37867692606,cash_in,UK,Apple,62956,Desktop,0,0
55,5979.401888132041,cash_out,DE,Target,10278,Tablet,4,0
56,9218.820475996145,cash_out,UK,Target,43764,Tablet,0,0
57,885.836528017143,payment,CA,Amazon,1134,Tablet,1,0
58,1960.6326413290328,cash_out,CA,Amazon,62943,Mobile,3,0
59,453.2276618164701,payment,CA,Target,54318,Tablet,0,0
60,3253.97797730188,cash_out,US,Walmart,60128,Mobile,2,0
61,3887.3842196051305,transfer,CA,Apple,21869,Desktop,0,0
62,2714.218968707185,payment,DE,Amazon,5039,Tablet,3,0
63,8287.546354010141,cash_out,UK,Walmart,21281,Tablet,4,0
64,3568.176513609199,cash_in,IN,Netflix,10442,Tablet,4,0
65,2810.0641623641204,cash_out,DE,Amazon,73788,Desktop,3,0
66,5427.418135499326,cash_in,DE,Walmart,27586,Mobile,1,0
67,1410.1013255226517,cash_in,CA,Walmart,53053,Mobile,1,0
68,8022.1676105596425,transfer,US,Apple,50489,Tablet,4,0
69,746.4318861540285,payment,UK,Apple,83104,Desktop,4,0
70,9868.882479068572,cash_out,US,Netflix,86346,Desktop,3,0
71,7722.675448197278,transfer,UK,Walmart,67087,Desktop,1,0
72,1987.9580996601899,cash_out,UK,Walmart,12625,Desktop,4,0
73,56.21564911890039,cash_in,US,Apple,34397,Desktop,1,0
74,8154.798823119887,payment,DE,Amazon,58671,Mobile,4,0
75,7068.8665811323235,cash_out,UK,Amazon,66897,Mobile,0,0
76,7290.342673241832,cash_out,US,Target,26149,Mobile,2,0
77,7712.932196512771,cash_in,UK,Apple,60030,Tablet,0,0
78,741.3724726891695,cash_out,IN,Target,69906,Desktop,4,0
79,3585.2988197141817,cash_out,DE,Apple,5283,Tablet,2,0
80,1159.574726191772,cash_in,CA,Netflix,7610,Desktop,2,0
81,8631.17115533006,transfer,UK,Walmart,43326,Mobile,4,0
82,6233.3579701487515,cash_in,IN,Netflix,14924,Tablet,4,0
83,3309.649350501639,transfer,CA,Apple,76162,Mobile,1,0
84,636.5199445099503,payment,CA,Walmart,869,Desktop,4,0
85,3110.5122348349064,transfer,UK,Amazon,1014,Desktop,3,0
86,3252.5080369454436,transfer,US,Amazon,10103,Desktop,4,0
87,7296.332177202303,payment,UK,Target,82522,Mobile,3,0
88,6375.937156080776,transfer,IN,Apple,33458,Desktop,4,0
89,8872.240213020688,cash_in,CA,Apple,82409,Mobile,1,0
90,4722.677036694331,transfer,UK,Amazon,23248,Tablet,3,0
91,1196.8228651370787,payment,US,Netflix,43516,Desktop,0,0
92,7132.734627442727,cash_in,UK,Walmart,29061,Desktop,3,0
93,7608.089701120358,payment,DE,Netflix,24170,Desktop,1,0
94,5613.2106984973925,payment,US,Netflix,8024,Tablet,3,0
95,7709.900832365655,cash_out,IN,Amazon,82214,Desktop,4,0
96,4938.462168047543,cash_out,CA,Amazon,85947,Mobile,4,0
97,5227.805560990559,payment,UK,Amazon,43803,Mobile,1,0
98,4275.982642567138,payment,US,Target,19296,Desktop,2,0
99,255.16584831420778,payment,DE,Netflix,18257,Desktop,4,0
100,1079.8063785060513,cash_out,US,Apple,12855,Tablet,0,0
101,315.26042768165576,cash_out,DE,Walmart,85178,Tablet,1,0
102,6364.4677022265405,transfer,IN,Target,20025,Tablet,3,0
103,3144.2454547821903,transfer,CA,Apple,4458,Desktop,3,0
104,5086.198340955863,payment,IN,Netflix,63610,Tablet,0,0
105,9075.757172787004,cash_in,UK,Amazon,70843,Tablet,4,0
106,2493.6729992596006,cash_in,US,Netflix,83961,Mobile,1,0
107,4104.418847433261,cash_out,DE,Walmart,49831,Tablet,0,0
108,7555.755834291944,cash_out,DE,Target,43427,Mobile,4,0
109,2288.752856750733,cash_out,US,Target,38506,Mobile,1,0
110,770.7221183781011,payment,US,Walmart,5668,Tablet,3,0
111,2898.2247776847667,cash_in,UK,Apple,47195,Mobile,1,0
112,1613.0516512527902,transfer,IN,Apple,73233,Desktop,2,0
113,9297.046825773388,payment,DE,Target,24417,Desktop,1,0
114,8081.395675264605,transfer,UK,Target,81982,Tablet,2,0
115,6334.404161347724,transfer,IN,Amazon,10751,Desktop,1,0
116,8714.73444128699,payment,UK,Apple,46218,Mobile,2,0
117,8036.917096914245,transfer,DE,Walmart,7352,Desktop,3,0
118,1866.5140188014723,cash_in,US,Apple,79052,Tablet,4,0
119,8925.697425901288,transfer,US,Amazon,28927,Tablet,2,0
120,5393.883076914592,cash_in,IN,Target,41094,Mobile,2,0
121,8074.594111485461,cash_in,CA,Target,54122,Tablet,3,0
122,8961.016907935009,cash_in,IN,Amazon,29493,Desktop,2,0
123,3180.716746243667,cash_out,CA,Walmart,73539,Tablet,0,0
124,1101.40919335224,transfer,UK,Target,31707,Mobile,3,0
125,2280.123690256875,payment,UK,Netflix,68814,Tablet,0,1
126,4271.650778473937,payment,DE,Target,7296,Desktop,3,0
127,8180.329644459009,transfer,CA,Netflix,25398,Mobile,2,0
128,8607.445101980178,cash_out,DE,Amazon,35842,Desktop,0,0
129,70.51435318137584,cash_out,US,Amazon,13261,Mobile,2,0
130,5107.96227847308,cash_in,CA,Target,76709,Tablet,3,0
131,4174.692620484641,transfer,IN,Apple,56704,Mobile,2,0
132,2221.8559968968316,transfer,US,Netflix,67173,Mobile,0,0
133,1199.5338079694943,payment,US,Walmart,31781,Tablet,0,0
134,3376.814098864876,transfer,IN,Target,13652,Desktop,2,0
135,9429.154129421278,cash_out,US,Walmart,5103,Tablet,1,0
136,3232.7061172755316,transfer,CA,Target,25500,Mobile,3,0
137,5188.387426811918,payment,DE,Apple,35529,Tablet,3,0
138,7030.486569992883,cash_in,US,Apple,18452,Mobile,2,0
139,3636.9323941905604,payment,CA,Apple,49393,Tablet,1,0
140,9717.849045126886,payment,UK,Apple,31174,Tablet,0,0
141,9624.51050212617,cash_in,CA,Amazon,64450,Desktop,4,0
142,2518.571175957816,payment,DE,Amazon,35436,Mobile,4,0
143,4972.9878104179625,payment,CA,Netflix,47406,Desktop,2,0
144,3009.48221985788,transfer,IN,Walmart,63059,Mobile,1,0
145,2849.1201032802987,transfer,DE,Target,15954,Tablet,1,0
146,369.83258659797343,cash_in,UK,Target,82722,Mobile,3,0
147,6096.033775464988,transfer,IN,Amazon,12356,Desktop,0,0
148,5027.287553265386,transfer,CA,Target,2187,Desktop,1,0
149,515.7360337486435,payment,DE,Amazon,77243,Desktop,4,0
150,2787.185995901878,cash_out,UK,Netflix,35098,Mobile,0,0
151,9082.75059378057,transfer,IN,Walmart,21225,Desktop,0,0
152,2396.379344779057,cash_out,UK,Netflix,3606,Desktop,2,0
153,1449.8038260401397,transfer,CA,Apple,57620,Desktop,1,0
154,4895.038150015353,transfer,UK,Apple,32828,Tablet,2,0
155,9856.518890651896,cash_in,US,Apple,26489,Tablet,1,0
156,2421.3106598434924,cash_in,IN,Netflix,14387,Mobile,3,0
157,6721.68333851138,cash_in,UK,Target,69463,Mobile,2,0
158,7616.434533671847,cash_out,CA,Walmart,71832,Desktop,2,0
159,2377.1378023800044,payment,CA,Apple,2591,Tablet,4,0
160,7282.435269769984,transfer,UK,Apple,48516,Desktop,2,0
161,3678.463544059813,transfer,CA,Apple,62061,Desktop,1,0
162,6323.426000105202,transfer,DE,Walmart,66736,Tablet,4,0
163,6335.663577898186,cash_out,DE,Apple,81257,Tablet,2,0
164,5358.21106606351,cash_in,DE,Walmart,61753,Tablet,2,1
165,903.8074107740287,payment,US,Apple,84774,Mobile,3,0
166,8353.18965339679,cash_out,UK,Netflix,11087,Mobile,2,0
167,3208.4798696523867,cash_in,US,Netflix,30816,Desktop,0,0
168,1865.9985854881425,cash_out,CA,Walmart,23408,Mobile,4,0
169,408.7106404060844,payment,US,Netflix,136,Tablet,0,0
170,5909.33853893923,cash_in,CA,Walmart,17413,Tablet,4,0
171,6775.966054060982,cash_out,CA,Netflix,59500,Mobile,3,0
172,166.86170144963367,payment,IN,Netflix,84514,Desktop,2,0
173,5121.418489934511,transfer,DE,Walmart,56358,Desktop,2,1
174,2265.7312562041816,payment,CA,Target,66197,Mobile,2,0
175,6452.082731304089,transfer,IN,Netflix,32854,Desktop,4,0
176,1744.4899236209094,cash_out,DE,Apple,76240,Desktop,2,0
177,6909.686443286557,cash_in,CA,Target,16322,Desktop,0,0
178,3867.9667276590735,cash_in,CA,Walmart,6968,Tablet,2,0
179,9367.363157378608,cash_out,US,Target,27518,Tablet,3,0
180,1376.0719205157866,cash_in,US,Amazon,51925,Mobile,0,0
181,3411.322444151535,cash_in,DE,Amazon,59848,Tablet,2,0
182,1135.62173888465,transfer,CA,Netflix,1700,Desktop,2,0
183,9247.01148916735,cash_out,UK,Netflix,23199,Tablet,1,0
184,8773.51619445643,payment,US,Apple,44589,Mobile,4,0
185,2580.158335523841,transfer,DE,Target,32115,Tablet,0,0
186,6600.180476295756,cash_out,CA,Amazon,61934,Desktop,1,0
187,8172.404779811957,transfer,CA,Netflix,54316,Desktop,3,0
188,5552.452915183024,payment,UK,Target,5520,Mobile,4,0
189,5296.976132981709,payment,DE,Netflix,36455,Tablet,0,0
190,2419.281056713616,cash_out,CA,Netflix,41605,Tablet,2,0
191,931.9345752911862,payment,US,Amazon,14955,Tablet,0,0
192,8972.260363775315,transfer,UK,Amazon,44049,Desktop,2,0
193,9004.280153576141,payment,DE,Netflix,13917,Mobile,4,0
194,6331.3814712754065,transfer,UK,Walmart,70293,Tablet,2,0
195,3390.958880695958,transfer,US,Netflix,78581,Desktop,3,0
196,3492.746536551996,payment,DE,Netflix,64925,Desktop,2,0
197,7259.830833023523,cash_out,UK,Apple,70269,Desktop,3,0
198,8971.205489265818,cash_in,IN,Apple,30954,Tablet,4,0
199,8870.977156226907,payment,US,Apple,72617,Tablet,4,0
200,7798.975583030381,transfer,US,Walmart,41458,Tablet,0,0
201,6420.674429896723,transfer,US,Walmart,21113,Tablet,3,0
202,842.3155099854932,payment,IN,Netflix,43939,Tablet,3,0
203,1617.125512232043,cash_out,IN,Apple,29345,Tablet,1,0
204,8985.643331082265,cash_out,CA,Walmart,46313,Tablet,1,0
205,6064.684167536239,transfer,UK,Amazon,69166,Tablet,1,0
206,92.96131911467985,transfer,CA,Netflix,47861,Tablet,2,0
207,1015.613957117455,cash_out,UK,Target,49298,Desktop,1,0
208,6635.35418931145,cash_in,IN,Netflix,47221,Tablet,3,0
209,51.61077687834065,payment,IN,Target,44942,Mobile,2,0
210,1608.919706123569,transfer,CA,Apple,3453,Desktop,4,0
211,5487.7891598764945,transfer,DE,Target,54935,Tablet,0,0
212,6919.26008172924,cash_out,CA,Apple,43370,Mobile,1,0
213,6519.960633766503,payment,UK,Amazon,8328,Tablet,4,0
214,2243.4688252961373,cash_out,CA,Target,15534,Mobile,3,0
215,7122.0800342540115,payment,US,Netflix,85280,Mobile,0,0
216,2373.253625880504,payment,UK,Apple,84925,Mobile,4,0
217,3254.671581894518,payment,UK,Netflix,36320,Mobile,0,0
218,7465.167559775124,transfer,DE,Walmart,49170,Desktop,1,0
219,6496.679357573099,cash_in,IN,Apple,80201,Desktop,3,0
220,8492.384881531285,cash_out,UK,Target,8640,Mobile,0,0
221,6576.471310111133,cash_in,IN,Apple,30049,Tablet,4,0
222,5683.517724751381,cash_out,CA,Netflix,5618,Mobile,1,0
223,937.6540035130967,payment,US,Amazon,56053,Desktop,1,1
224,3677.7903147912757,transfer,DE,Apple,1920,Tablet,4,0
225,2652.7584744495725,cash_in,IN,Target,43937,Desktop,4,0
226,2440.6524441474567,transfer,UK,Walmart,69724,Desktop,0,0
227,9730.132536969704,cash_out,IN,Amazon,12207,Tablet,2,0
228,3931.584148942937,transfer,UK,Walmart,65774,Mobile,1,0
229,8920.573505215956,transfer,IN,Apple,32972,Mobile,0,0
230,6311.755121346631,cash_in,UK,Netflix,10799,Mobile,4,0
231,7948.3182241129425,payment,CA,Netflix,71088,Mobile,0,0
232,5026.868293958816,transfer,UK,Target,28916,Tablet,4,0
233,5769.4619423789645,payment,UK,Netflix,70463,Tablet,3,0
234,4925.68442049482,cash_out,US,Amazon,76700,Tablet,4,0
235,1953.234634992647,transfer,UK,Netflix,37158,Desktop,4,0
236,7224.798700499792,cash_in,US,Target,84607,Tablet,4,0
237,2808.442852046117,cash_out,DE,Apple,71696,Mobile,2,0
238,244.13534834810693,cash_out,US,Apple,61510,Desktop,4,0
239,6455.077486775771,cash_in,CA,Netflix,58692,Mobile,1,0
240,1771.9296833910823,transfer,US,Walmart,61744,Mobile,1,0
241,9404.64538494479,transfer,DE,Apple,15810,Tablet,0,0
242,9539.331841448871,cash_out,CA,Netflix,5126,Tablet,2,0
243,9148.729037814264,transfer,IN,Target,30009,Mobile,0,0
244,3702.2168438541885,payment,IN,Netflix,192,Mobile,1,1
245,155.55070867214542,cash_in,US,Apple,36413,Desktop,1,0
246,9283.257307314667,payment,US,Target,12816,Tablet,3,0
247,4282.413299024826,transfer,DE,Netflix,39082,Desktop,4,0
248,9666.581535617652,cash_out,DE,Amazon,65048,Desktop,1,0
249,9636.23615091544,cash_in,UK,Target,50940,Desktop,0,0
250,8530.241545218134,transfer,DE,Amazon,32130,Mobile,0,0
251,2945.194471803787,transfer,UK,Walmart,40142,Desktop,4,0
252,3851.5921882906505,cash_out,CA,Target,36468,Desktop,4,0
253,8511.515578497052,cash_out,US,Amazon,30698,Mobile,3,0
254,3169.9031295576206,payment,CA,Apple,10655,Tablet,2,0
255,1695.7579741142388,cash_in,DE,Apple,47897,Tablet,0,0
256,5568.455823321043,cash_in,CA,Walmart,30075,Desktop,4,1
257,9361.61158683365,cash_out,CA,Target,9359,Mobile,0,0
258,6960.601936953055,payment,CA,Target,42056,Tablet,4,0
259,5701.04163972356,cash_in,DE,Target,51831,Desktop,1,0
260,972.6677612139146,cash_out,CA,Walmart,59191,Desktop,0,0
261,6150.4572597649985,transfer,UK,Target,33272,Mobile,1,0
262,9900.548447192528,cash_in,DE,Apple,14671,Desktop,0,0
263,1401.7000683500037,payment,CA,Amazon,27048,Tablet,2,0
264,5183.778193985004,payment,DE,Apple,76274,Mobile,3,0
265,8773.853346207627,payment,IN,Apple,25963,Tablet,1,0
266,7407.94540892429,transfer,UK,Amazon,43954,Tablet,4,0
267,6970.460394211685,cash_in,CA,Apple,72309,Tablet,2,0
268,7025.138355787106,cash_in,IN,Walmart,717,Desktop,0,0
269,3595.552021046332,transfer,IN,Amazon,11676,Desktop,1,0
270,2936.6248508006693,cash_in,DE,Apple,4434,Tablet,0,0
271,8093.802193629657,transfer,IN,Netflix,49810,Tablet,0,0
272,8101.3238333971285,transfer,UK,Apple,4994,Mobile,0,0
273,8670.856113482458,transfer,UK,Walmart,4234,Mobile,3,0
274,9132.492285012157,payment,US,Target,69300,Desktop,3,0
275,5113.912646210517,cash_in,UK,Apple,43949,Desktop,4,0
276,5015.661430577309,transfer,IN,Target,37405,Mobile,1,0
277,7983.153494488784,cash_in,UK,Netflix,34872,Tablet,2,0
278,6499.989343846873,payment,DE,Apple,42215,Desktop,2,0
279,7019.966805699776,transfer,US,Amazon,23185,Tablet,2,0
280,7958.130901691575,cash_out,IN,Target,43442,Mobile,0,0
281,8900.163412833845,payment,US,Netflix,51759,Desktop,3,0
282,3380.6135733585065,cash_out,IN,Amazon,41153,Desktop,1,0
283,3756.4539434468,cash_in,DE,Amazon,77535,Mobile,0,0
284,940.7254164688492,cash_in,US,Amazon,2581,Desktop,3,0
285,5783.223129820743,payment,CA,Amazon,51717,Mobile,3,1
286,360.3867956936241,cash_in,IN,Apple,2763,Desktop,1,0
287,4656.514583306469,cash_out,CA,Apple,55480,Mobile,1,0
288,5426.903702441059,transfer,US,Apple,38759,Desktop,1,0
289,2866.1259800307157,transfer,CA,Netflix,76067,Tablet,0,0
290,5908.741772429538,transfer,CA,Netflix,25307,Tablet,4,0
291,305.9719991405552,payment,US,Netflix,11064,Tablet,1,0
292,374.44453930339495,cash_in,DE,Walmart,76848,Desktop,4,0
293,8226.183006035923,cash_out,CA,Netflix,37548,Desktop,0,0
294,3602.5462234712177,cash_in,CA,Apple,36945,Tablet,4,0
295,1271.4780660061958,cash_in,DE,Apple,47937,Tablet,2,0
296,5222.9103572879885,cash_in,CA,Walmart,6476,Mobile,4,0
297,7700.165537433009,transfer,CA,Walmart,51756,Mobile,1,0
298,2158.994453940935,cash_out,CA,Netflix,2382,Mobile,0,1
299,6229.281867714183,cash_out,UK,Target,49683,Tablet,1,1
300,854.3893024726862,cash_in,DE,Walmart,45276,Tablet,2,0
301,517.7655299649084,transfer,CA,Amazon,33402,Tablet,1,0
302,5314.014961049912,transfer,DE,Apple,26946,Mobile,1,0
303,5406.810580979455,cash_out,IN,Amazon,79698,Desktop,1,0
304,6374.661585080567,transfer,IN,Apple,73933,Tablet,3,0
305,7261.187245892893,transfer,CA,Apple,22335,Desktop,2,0
306,9758.544942545883,transfer,DE,Walmart,45095,Desktop,1,0
307,5163.487182663652,payment,DE,Walmart,79930,Desktop,1,0
308,3230.2417729395183,cash_in,DE,Amazon,27197,Mobile,1,0
309,7952.066761492268,cash_out,UK,Apple,22010,Desktop,0,0
310,2709.05168036948,cash_out,IN,Amazon,24123,Tablet,3,0
311,4390.275235635655,payment,DE,Target,2890,Mobile,0,0
312,785.4853570413173,cash_in,DE,Amazon,8026,Tablet,3,0
313,254.48208341115964,cash_out,UK,Netflix,64925,Tablet,1,0
314,9626.521498364573,transfer,UK,Amazon,68842,Mobile,2,0
315,8359.965225001546,cash_out,DE,Netflix,33665,Tablet,4,0
316,6960.046086730886,transfer,US,Netflix,9277,Tablet,4,0
317,4090.1204911982845,payment,DE,Netflix,42239,Mobile,1,0
318,1733.769906388387,transfer,DE,Target,47664,Tablet,0,0
319,1565.2139896681895,cash_out,UK,Amazon,48008,Desktop,2,0
320,2503.178738747789,cash_out,UK,Amazon,14683,Tablet,3,0
321,5492.717420396499,cash_out,DE,Target,670,Desktop,1,0
322,7146.244631077923,payment,DE,Apple,17889,Tablet,2,0
323,6602.313569800595,payment,DE,Walmart,55612,Mobile,2,0
324,2800.0590355624827,cash_in,UK,Amazon,44535,Mobile,3,0
325,9548.697941351278,cash_out,DE,Walmart,78542,Tablet,2,0
326,7379.231270040989,transfer,DE,Target,54319,Mobile,0,0
327,5543.986171061495,payment,CA,Apple,21639,Tablet,0,0
328,6117.595741597288,cash_out,US,Apple,64712,Mobile,0,0
329,4196.581024215471,cash_out,IN,Apple,16633,Desktop,2,0
330,2478.0621640220734,payment,US,Target,34660,Tablet,0,0
331,3560.370813833965,cash_in,CA,Netflix,68975,Desktop,3,0
332,7578.703258533227,payment,IN,Netflix,32172,Desktop,2,1
333,144.92049280892894,payment,DE,Walmart,59197,Tablet,4,0
334,1161.6103324286555,transfer,CA,Netflix,58847,Desktop,2,0
335,460.9804175755057,transfer,DE,Netflix,11577,Tablet,3,1
336,408.2472943873824,cash_in,UK,Apple,77299,Desktop,4,1
337,8554.750379526062,cash_out,CA,Apple,20176,Tablet,2,0
338,7036.874935940857,payment,UK,Walmart,44386,Tablet,0,0
339,4742.264117044165,cash_in,CA,Amazon,63972,Mobile,1,0
340,979.2437723493638,transfer,CA,Walmart,41003,Tablet,1,0
341,4916.667135293207,payment,UK,Walmart,19996,Tablet,0,0
342,4735.244236034876,cash_out,IN,Target,35931,Desktop,1,0
343,1732.8454972302418,transfer,US,Target,35710,Tablet,1,0
344,4339.082640730492,transfer,DE,Walmart,34693,Mobile,0,0
345,3985.648839239337,transfer,CA,Walmart,35740,Desktop,0,0
346,6158.8851304241125,cash_in,DE,Walmart,77241,Desktop,2,0
347,6351.30141502557,cash_out,UK,Netflix,76502,Mobile,2,0
348,453.99479371067315,payment,DE,Target,17374,Desktop,0,0
349,3746.7515336500855,cash_in,UK,Walmart,76674,Desktop,3,0
350,6258.973297226649,cash_in,DE,Apple,81471,Desktop,1,0
351,5031.859449542297,cash_in,US,Apple,45913,Desktop,2,0
352,8565.041922042034,transfer,US,Netflix,66025,Mobile,1,0
353,6587.277622557831,cash_out,US,Netflix,44516,Mobile,4,0
354,1630.1813363872154,cash_in,US,Amazon,26069,Desktop,0,0
355,706.616905256898,payment,US,Amazon,56233,Desktop,3,0
356,6424.55036278495,cash_out,US,Amazon,84811,Mobile,4,0
357,266.0865941056765,payment,UK,Netflix,59049,Mobile,4,0
358,5858.17003715336,cash_out,CA,Netflix,39178,Mobile,4,0
359,9402.36218400815,payment,DE,Netflix,32821,Desktop,0,0
360,5755.166304580914,transfer,US,Apple,51727,Desktop,2,0
361,3882.3110921390125,cash_in,UK,Netflix,60935,Tablet,0,1
362,6433.238896205089,payment,UK,Apple,16999,Mobile,2,0
363,4583.070652024675,cash_out,UK,Amazon,62522,Desktop,4,0
364,5456.622276370033,cash_in,CA,Amazon,38712,Mobile,4,0
365,9414.706622956475,cash_in,DE,Amazon,64551,Desktop,3,0
366,3861.6402753699417,cash_out,CA,Walmart,40172,Mobile,2,1
367,9611.944447675318,payment,IN,Walmart,33722,Desktop,4,0
368,9053.60106891868,transfer,UK,Target,10625,Tablet,1,0
369,1958.7155567581751,transfer,IN,Target,67165,Tablet,3,0
370,694.5436474507794,payment,US,Target,76509,Mobile,0,0
371,1008.6792357728891,cash_in,US,Walmart,6859,Desktop,3,0
372,183.20003468984572,cash_in,CA,Walmart,41609,Desktop,1,0
373,945.3351645985281,cash_in,DE,Target,43307,Mobile,2,0
374,6830.384727390152,cash_in,IN,Target,21839,Desktop,0,0
375,712.8152959538296,payment,DE,Netflix,27216,Mobile,0,0
376,3190.4373273073193,cash_in,CA,Target,52953,Desktop,2,1
377,8448.908234383576,cash_out,US,Netflix,84481,Mobile,3,0
378,233.69608542252283,cash_in,DE,Apple,60593,Desktop,4,0
379,8144.870357406769,transfer,DE,Walmart,72075,Mobile,3,0
380,2819.2658929592258,cash_in,US,Target,49522,Desktop,1,0
381,1182.530111388941,payment,IN,Walmart,4886,Tablet,4,0
382,6967.674916476142,transfer,US,Walmart,7485,Desktop,3,0
383,6289.79952495206,payment,DE,Walmart,31455,Mobile,2,0
384,8774.842663257003,payment,IN,Apple,16767,Tablet,1,0
385,7350.975366995054,transfer,IN,Amazon,28453,Desktop,1,0
386,8035.005822918101,payment,US,Target,76280,Tablet,1,0
387,2821.0636911404936,payment,DE,Amazon,53442,Desktop,4,0
388,1775.2179982534485,cash_in,CA,Amazon,51877,Tablet,0,0
389,7506.396901656943,cash_out,DE,Amazon,12226,Mobile,4,0
390,8068.540557933373,payment,UK,Walmart,22588,Desktop,3,1
391,9905.060914864733,payment,CA,Netflix,78976,Desktop,0,0
392,4126.764151437354,payment,IN,Walmart,31709,Mobile,3,0
393,3720.808839842039,cash_in,CA,Walmart,47788,Tablet,0,0
394,7764.353194459226,cash_out,IN,Amazon,37019,Mobile,4,0
395,3408.6945989899255,transfer,IN,Walmart,44948,Mobile,1,0
396,9307.642498710044,cash_in,CA,Amazon,65133,Tablet,2,0
397,8584.269105678275,cash_in,IN,Netflix,66458,Mobile,1,0
398,4290.5112797228085,cash_out,IN,Target,27526,Desktop,4,0
399,7508.959806847182,cash_out,UK,Amazon,73493,Desktop,0,0
400,7545.6741979727385,cash_in,DE,Netflix,52198,Desktop,1,0
401,1032.1355644904902,transfer,DE,Target,43395,Mobile,4,0
402,9025.626513888987,cash_in,UK,Apple,24031,Desktop,3,0
403,5053.018472106123,cash_out,CA,Amazon,75542,Desktop,2,0
404,8264.748203611309,transfer,US,Amazon,37701,Desktop,1,0
405,3201.1759607050867,cash_out,US,Apple,25939,Desktop,0,0
406,8955.336761733508,transfer,US,Apple,49145,Desktop,3,0
407,3892.6275856628968,payment,UK,Amazon,20324,Desktop,4,0
408,109.3656771515033,cash_out,UK,Apple,22867,Mobile,2,0
409,9053.914382216217,cash_out,IN,Walmart,203,Desktop,0,0
410,913.7754811845494,cash_in,US,Target,16544,Desktop,4,0
411,3193.8170622665584,cash_out,CA,Target,15899,Tablet,4,0
412,9500.669608540999,cash_out,CA,Target,29063,Mobile,1,0
413,9506.120862228623,payment,US,Walmart,3748,Mobile,1,0
414,5734.805443344738,cash_out,US,Apple,66629,Mobile,0,0
415,6318.7402844858225,payment,US,Netflix,80764,Mobile,4,0
416,4485.006774261219,payment,UK,Apple,20884,Desktop,1,0
417,2932.8145062089475,payment,UK,Amazon,25183,Desktop,2,0
418,3287.3167891537896,payment,UK,Target,81570,Tablet,2,0
419,6725.512042314307,transfer,DE,Apple,71246,Tablet,4,0
420,7523.992919847363,cash_in,CA,Netflix,19259,Mobile,1,0
421,7915.99885821476,transfer,CA,Amazon,35959,Tablet,0,0
422,7896.391809802744,cash_out,IN,Walmart,33457,Tablet,0,0
423,912.969824383855,transfer,UK,Walmart,85679,Mobile,0,0
424,4944.7086267211125,transfer,DE,Netflix,2103,Mobile,2,0
425,576.5300414064262,cash_out,DE,Amazon,65901,Tablet,1,0
426,5495.739294355031,cash_out,CA,Target,44535,Desktop,1,0
427,4415.863483232397,cash_out,UK,Apple,16103,Tablet,2,0
428,8877.15412340024,transfer,IN,Amazon,78278,Tablet,0,0
429,3509.799210508235,transfer,UK,Walmart,12391,Desktop,0,0
430,1171.553097259631,cash_out,US,Netflix,28901,Desktop,4,0
431,1430.7738288463058,cash_in,UK,Netflix,81159,Mobile,3,0
432,7615.344806543005,cash_in,US,Apple,67914,Mobile,1,0
433,6182.562415099294,payment,US,Netflix,50357,Tablet,1,0
434,1012.1256385517796,cash_out,IN,Netflix,38437,Desktop,1,0
435,841.9839543438593,payment,CA,Amazon,35503,Mobile,3,0
436,7009.990345459741,cash_in,UK,Target,75403,Tablet,4,0
437,728.5573006355711,payment,US,Apple,41258,Desktop,3,0
438,8218.778732844272,cash_out,UK,Amazon,33724,Tablet,0,0
439,7062.716029337806,cash_out,CA,Target,64286,Mobile,0,0
440,814.4064576383557,cash_out,CA,Amazon,74842,Mobile,1,0
441,849.292303137834,transfer,DE,Amazon,14908,Desktop,2,0
442,9866.409145433254,payment,CA,Netflix,50626,Tablet,1,0
443,3743.333686765447,cash_in,IN,Target,37228,Desktop,2,0
444,3707.050828521842,cash_in,US,Apple,23386,Mobile,3,0
445,8128.182873007769,cash_in,DE,Apple,46754,Mobile,0,0
446,9472.538525261203,transfer,IN,Target,28302,Tablet,2,0
447,9860.024637164886,transfer,UK,Netflix,60815,Tablet,3,0
448,7534.028474404157,cash_out,US,Walmart,84748,Tablet,0,0
449,3763.2195957236268,cash_in,CA,Amazon,63344,Desktop,2,0
450,835.923666269989,transfer,US,Netflix,35618,Tablet,1,0
451,7771.6920123584405,cash_out,UK,Target,76234,Tablet,1,0
452,5584.4840931083145,cash_in,DE,Amazon,61114,Mobile,1,0
453,4242.795870460516,payment,DE,Apple,70130,Mobile,3,0
454,9063.637496562265,cash_out,DE,Walmart,25525,Tablet,1,1
455,1112.8636255792073,transfer,CA,Apple,79818,Tablet,4,0
456,4926.758417804301,transfer,IN,Target,14334,Mobile,0,0
457,114.52509402942327,cash_out,IN,Amazon,62767,Tablet,3,0
458,4687.1377592992685,cash_out,US,Target,6644,Desktop,1,0
459,563.9764535426916,transfer,CA,Amazon,32933,Desktop,0,0
460,1189.0603447644512,payment,DE,Netflix,43469,Desktop,2,0
461,1176.1449415242716,cash_in,DE,Walmart,33687,Tablet,1,0
462,6492.453810858519,payment,UK,Netflix,52656,Mobile,0,0
463,7460.702747774967,cash_out,UK,Netflix,17375,Tablet,4,0
464,5834.104282206499,payment,DE,Target,65206,Tablet,2,0
465,9621.763312196945,transfer,DE,Walmart,36607,Mobile,4,0
466,3749.330924657517,cash_out,CA,Amazon,83178,Mobile,0,0
467,2857.8351507323255,cash_in,IN,Amazon,23993,Mobile,4,0
468,8686.122682766414,transfer,UK,Apple,44386,Desktop,0,0
469,2236.734789356007,transfer,IN,Amazon,46287,Tablet,0,0
470,9632.262171866672,cash_in,CA,Target,76312,Mobile,4,0
471,122.5325924234736,cash_in,DE,Netflix,75324,Tablet,0,1
472,9698.818388249683,payment,IN,Netflix,71196,Desktop,1,0
473,432.55595959381054,cash_out,DE,Netflix,70014,Desktop,0,0
474,8911.539993867013,cash_in,DE,Walmart,8210,Mobile,3,0
475,5277.483389753912,cash_in,US,Amazon,10922,Mobile,0,0
476,9929.654996396885,cash_out,IN,Target,36289,Tablet,3,0
477,738.8918507892532,cash_in,IN,Walmart,33340,Mobile,0,0
478,5538.988989728807,cash_in,DE,Apple,39850,Tablet,0,0
479,9693.056053655371,payment,CA,Target,56984,Mobile,4,0
480,5231.455343857318,transfer,US,Target,84178,Tablet,1,0
481,6294.35698271449,transfer,DE,Target,11094,Tablet,1,0
482,6957.791141157187,transfer,UK,Netflix,33418,Tablet,2,0
483,4545.9561066129645,transfer,UK,Target,5741,Tablet,4,0
484,6275.95324276055,cash_in,US,Amazon,72374,Desktop,4,0
485,5843.558804919079,cash_out,CA,Target,68798,Tablet,1,0
486,9011.6789468994,cash_out,DE,Netflix,70532,Mobile,4,0
487,455.41835703423726,payment,IN,Target,22164,Desktop,1,1
488,2810.350932732711,payment,US,Apple,35595,Desktop,4,0
489,9504.16442928151,cash_in,CA,Apple,30257,Tablet,0,0
490,8902.747575125271,cash_out,IN,Netflix,14211,Desktop,1,0
491,4557.111871104344,cash_out,UK,Amazon,5232,Tablet,1,0
492,6201.705845417566,transfer,UK,Amazon,67753,Mobile,3,0
493,2774.5344486283457,cash_in,IN,Walmart,52691,Tablet,4,0
494,1882.0234760778894,cash_in,US,Netflix,79768,Desktop,4,0
495,4637.5203509948815,transfer,UK,Target,25613,Mobile,1,0
496,3534.168928032502,cash_in,DE,Netflix,14026,Tablet,0,0
497,5836.97746239687,cash_in,IN,Walmart,53535,Mobile,0,0
498,778.2686350128834,payment,IN,Netflix,30908,Mobile,0,0
499,9743.973681853999,cash_out,UK,Netflix,52113,Desktop,4,0
500,9862.121234051549,cash_in,US,Walmart,19610,Mobile,3,0
501,6981.918978483432,payment,DE,Amazon,46646,Desktop,1,0
502,5361.427567074859,cash_out,US,Target,63185,Mobile,2,0
503,3095.9666352469912,transfer,CA,Walmart,72567,Tablet,3,0
504,8138.1364020497795,payment,CA,Apple,47574,Mobile,2,0
505,6847.626994366239,payment,UK,Amazon,36182,Tablet,3,0
506,1627.006776509568,cash_out,UK,Apple,570,Tablet,0,0
507,9109.360917753931,transfer,UK,Amazon,19288,Mobile,4,0
508,8225.549891988767,payment,CA,Target,78824,Tablet,2,0
509,9498.049333005949,cash_in,US,Target,29877,Mobile,3,0
510,7257.469364375212,cash_in,US,Netflix,84425,Mobile,4,0
511,6134.538544161963,cash_in,UK,Apple,917,Tablet,2,0
512,4183.012119869898,transfer,DE,Amazon,75602,Tablet,1,0
513,9327.352105056778,payment,US,Target,64575,Desktop,3,0
514,8660.772831114584,cash_in,CA,Walmart,72518,Tablet,1,1
515,453.14148239178786,transfer,IN,Target,39104,Desktop,0,0
516,264.6433779980228,cash_in,IN,Walmart,18062,Tablet,1,0
517,3765.257205413618,cash_out,IN,Amazon,16999,Mobile,1,0
518,8105.722754487547,payment,DE,Target,61845,Tablet,3,0
519,9872.77401702013,payment,UK,Target,9941,Mobile,0,0
520,1505.0184941441782,transfer,CA,Amazon,61169,Mobile,1,0
521,5941.713022806,transfer,DE,Target,23470,Mobile,4,0
522,3809.527675453584,payment,CA,Walmart,59821,Desktop,2,0
523,9699.174063748218,cash_in,CA,Target,44435,Tablet,1,0
524,8421.34711243395,cash_in,UK,Apple,4529,Mobile,0,0
525,8383.448718406667,cash_out,IN,Netflix,83055,Mobile,1,0
526,4687.462904789908,cash_in,UK,Walmart,12192,Desktop,2,0
527,4148.780203874314,transfer,DE,Apple,74102,Tablet,0,0
528,2734.797312235132,transfer,DE,Amazon,72762,Tablet,3,0
529,564.6985910126202,cash_in,DE,Walmart,34087,Desktop,0,0
530,8647.359040174277,transfer,UK,Netflix,66677,Desktop,3,0
531,8129.197190291646,payment,CA,Netflix,4627,Tablet,0,0
532,9997.17701518802,payment,CA,Amazon,56541,Desktop,2,0
533,9966.37173390198,cash_in,US,Amazon,68226,Tablet,2,0
534,5554.761624320672,payment,DE,Walmart,3255,Tablet,0,0
535,7690.1051643899245,payment,CA,Target,57433,Mobile,1,0
536,9447.712533094398,cash_out,US,Amazon,5213,Mobile,2,0
537,8496.624259383438,cash_out,CA,Target,19404,Tablet,3,0
538,2474.233669330233,payment,DE,Apple,25380,Tablet,3,0
539,4505.990808965626,cash_in,IN,Netflix,19173,Tablet,4,0
540,1292.4649920997983,cash_out,DE,Target,53027,Tablet,3,0
541,9540.556221559966,transfer,UK,Netflix,23989,Tablet,4,1
542,6062.140169874349,transfer,CA,Target,24519,Tablet,0,0
543,2287.199412229124,transfer,CA,Apple,22439,Desktop,0,0
544,6717.335143374162,cash_in,UK,Amazon,76949,Tablet,0,0
545,6181.664276338501,payment,UK,Apple,14995,Desktop,1,0
546,3582.269017610372,transfer,IN,Amazon,23559,Desktop,1,0
547,1136.4623644040905,cash_in,CA,Amazon,5021,Tablet,4,0
548,6716.060382732403,cash_out,CA,Netflix,21119,Tablet,3,0
549,5203.556701337029,payment,IN,Apple,51539,Desktop,3,0
550,7723.411598964658,cash_out,US,Target,39350,Desktop,0,0
551,5202.114847618822,cash_in,IN,Apple,46223,Tablet,2,0
552,8521.962821685083,transfer,DE,Netflix,25517,Tablet,1,0
553,5519.516480906081,transfer,CA,Amazon,78653,Desktop,1,0
554,5609.818777382327,cash_in,UK,Netflix,22250,Desktop,0,0
555,8766.659372980792,transfer,DE,Walmart,84486,Desktop,1,0
556,4035.425179257758,payment,CA,Walmart,82895,Mobile,0,0
557,1341.0182692779567,cash_in,IN,Target,66798,Desktop,4,0
558,288.7979804570764,cash_out,DE,Netflix,54199,Mobile,3,1
559,7551.617419480516,cash_in,CA,Target,59546,Tablet,2,0
560,6203.475203983293,payment,US,Target,3327,Tablet,3,0
561,7041.093601224136,payment,US,Walmart,29768,Desktop,3,0
562,2130.4286509275985,cash_in,UK,Target,64418,Tablet,4,0
563,1364.5783843921108,cash_in,CA,Walmart,42788,Tablet,1,0
564,146.4321120131514,transfer,US,Amazon,82384,Tablet,2,0
565,3506.525000507163,payment,IN,Netflix,46830,Tablet,1,0
566,5899.586950859476,cash_in,CA,Target,52446,Mobile,3,0
567,3923.0482069522236,cash_in,IN,Walmart,15160,Mobile,0,0
568,4375.311745315267,payment,IN,Apple,56583,Desktop,3,0
569,9041.682786242991,cash_in,US,Target,33998,Desktop,1,0
570,3483.2064147659803,transfer,CA,Amazon,27230,Desktop,3,0
571,5140.380902108948,payment,DE,Amazon,9076,Tablet,0,0
572,7836.746474398689,transfer,US,Apple,69341,Tablet,4,0
573,3966.0312804303803,transfer,US,Walmart,31085,Mobile,1,0
574,6221.244915578507,transfer,CA,Target,55571,Mobile,3,0
575,8623.774723758705,transfer,CA,Walmart,14715,Desktop,1,0
576,9495.256715952764,payment,IN,Amazon,5750,Mobile,4,0
577,1471.5877358094504,transfer,CA,Walmart,78768,Mobile,3,0
578,9265.949663989782,transfer,IN,Amazon,35903,Mobile,3,0
579,4921.670814502302,cash_in,US,Walmart,72489,Mobile,1,0
580,2583.1856386012846,payment,UK,Apple,32093,Mobile,1,0
581,4591.898426626375,payment,DE,Netflix,34314,Desktop,0,0
582,9800.345720279485,cash_out,US,Apple,48225,Desktop,4,0
583,4926.688321834703,payment,CA,Apple,83014,Mobile,0,0
584,3288.1873512647944,payment,DE,Netflix,35179,Desktop,3,0
585,6334.375142312941,cash_out,UK,Netflix,25338,Tablet,1,0
586,2402.2160421631525,payment,UK,Target,69681,Mobile,3,0
587,759.5574177585305,payment,IN,Target,32101,Tablet,3,0
588,1289.6683393845817,payment,DE,Apple,2775,Desktop,2,0
589,1281.3303437387667,payment,IN,Apple,45619,Desktop,2,0
590,1519.8750324294313,cash_out,US,Amazon,45838,Tablet,3,0
591,1389.132899321452,payment,DE,Amazon,19539,Desktop,1,0
592,6409.106573287343,payment,US,Target,57124,Mobile,3,0
593,1819.6189639070492,cash_out,IN,Target,65149,Tablet,2,0
594,3457.3271659553084,cash_in,DE,Amazon,26616,Mobile,1,0
595,8967.987310650213,transfer,IN,Amazon,79655,Tablet,3,0
596,4740.14244098846,cash_in,DE,Walmart,54567,Desktop,4,0
597,6675.909827471751,cash_out,IN,Walmart,37099,Tablet,4,0
598,1724.0263921450967,transfer,UK,Amazon,75831,Tablet,3,0
599,1923.697899067899,cash_out,IN,Walmart,61799,Mobile,1,0
600,409.64529404852215,cash_out,UK,Netflix,25479,Desktop,3,0
601,1690.1816956585733,payment,IN,Target,46172,Mobile,3,0
602,2786.624799980554,transfer,DE,Target,55863,Desktop,2,0
603,1770.9278322831915,payment,DE,Amazon,42043,Mobile,4,0
604,887.9366350367991,transfer,DE,Apple,82569,Tablet,2,0
605,1207.2380751349076,cash_out,CA,Amazon,15408,Mobile,2,0
606,4608.326901559225,cash_out,US,Walmart,57980,Desktop,3,0
607,2064.1308503395194,cash_in,DE,Apple,82956,Desktop,2,0
608,3643.3343406197064,transfer,UK,Walmart,16351,Tablet,4,0
609,5034.669291277714,payment,DE,Netflix,4131,Desktop,2,0
610,6904.257891465024,cash_in,CA,Walmart,44825,Mobile,4,0
611,394.0820862711483,cash_in,UK,Netflix,11349,Tablet,2,0
612,7994.304578691517,cash_in,CA,Netflix,60931,Desktop,4,0
613,6279.375994519587,payment,UK,Walmart,44254,Desktop,2,1
614,818.5085604567702,cash_in,IN,Walmart,38225,Mobile,2,1
615,8735.912662443665,payment,US,Netflix,12453,Mobile,1,0
616,9208.8031329176,cash_in,US,Apple,18814,Tablet,4,0
617,611.7185205887827,payment,CA,Netflix,18263,Desktop,4,1
618,2769.49960382389,cash_out,US,Target,77694,Mobile,4,0
619,8062.20659665082,cash_out,CA,Netflix,15735,Tablet,0,0
620,7482.8486441462,cash_out,CA,Apple,15830,Desktop,2,0
621,1846.025672544417,cash_out,CA,Target,47893,Desktop,4,0
622,2094.283884043766,cash_out,US,Amazon,44673,Tablet,0,0
623,3705.3505558110282,cash_in,CA,Amazon,45066,Tablet,1,0
624,4845.7453289250225,cash_in,US,Apple,3373,Mobile,4,0
625,6182.929460531429,cash_in,CA,Netflix,10335,Desktop,4,0
626,3689.767482058154,payment,DE,Walmart,23741,Desktop,0,1
627,4625.884626615346,payment,CA,Apple,10692,Desktop,2,0
628,7474.961910399432,payment,UK,Target,47295,Tablet,1,0
629,367.7953457030884,payment,CA,Target,45541,Mobile,4,0
630,2525.1170064958637,cash_out,IN,Amazon,34057,Desktop,2,0
631,7133.7825092596395,cash_out,CA,Target,66983,Tablet,1,0
632,8952.173170034306,cash_out,UK,Apple,19583,Desktop,3,0
633,5117.262743714546,transfer,UK,Target,22765,Mobile,3,0
634,5321.602739167891,cash_in,US,Apple,59287,Desktop,1,0
635,1072.6129413864207,payment,DE,Walmart,23906,Mobile,0,0
636,4474.676255867723,payment,CA,Amazon,85103,Mobile,1,0
637,5326.640047283777,cash_out,US,Target,79675,Desktop,1,0
638,2425.462565843662,payment,DE,Apple,46525,Desktop,0,1
639,2693.1630662628604,payment,CA,Netflix,38230,Mobile,0,0
640,3773.464346883122,cash_in,IN,Amazon,19520,Tablet,2,0
641,201.69190657948596,cash_out,CA,Walmart,85238,Mobile,2,1
642,3221.4695766662,cash_in,UK,Apple,51934,Desktop,0,0
643,2115.26862195845,transfer,UK,Walmart,25566,Desktop,3,0
644,3275.646024426969,transfer,IN,Walmart,73193,Tablet,3,0
645,1198.501556060693,transfer,US,Target,30134,Mobile,1,0
646,8905.38228011821,cash_out,DE,Target,10345,Mobile,4,0
647,5936.330943086932,payment,CA,Apple,41185,Mobile,1,0
648,6791.344089125751,cash_out,UK,Netflix,70744,Desktop,1,0
649,7891.9232148347755,cash_out,US,Apple,33455,Mobile,4,0
650,4984.923547091644,payment,IN,Netflix,28018,Tablet,0,0
651,870.1159605861495,cash_in,UK,Walmart,54219,Desktop,3,0
652,5371.528311643659,transfer,IN,Amazon,45991,Desktop,1,0
653,5868.82433909077,cash_in,CA,Apple,73616,Mobile,4,0
654,7454.6493023691155,transfer,DE,Apple,9486,Tablet,2,0
655,4317.163802750564,cash_out,UK,Netflix,38862,Desktop,1,0
656,1276.675447652842,transfer,UK,Walmart,58870,Desktop,3,0
657,2838.475282081446,cash_out,CA,Walmart,43856,Mobile,0,0
658,3631.4598816899525,cash_in,US,Netflix,86055,Mobile,1,0
659,6459.526496074681,cash_out,DE,Walmart,31379,Tablet,1,0
660,5708.21226838445,cash_in,UK,Target,64729,Mobile,4,0
661,3561.6111622525646,payment,DE,Amazon,28378,Tablet,2,0
662,9865.165972681005,payment,UK,Apple,54353,Desktop,2,0
663,6058.142418749515,payment,DE,Amazon,49996,Tablet,0,1
664,2373.0306905682087,cash_out,IN,Apple,14031,Tablet,3,0
665,1018.722943731417,payment,UK,Target,80072,Tablet,0,0
666,1529.438532704136,transfer,DE,Walmart,65982,Desktop,1,0
667,2460.331326116697,cash_in,US,Netflix,36683,Mobile,1,0
668,1607.653051222297,cash_in,IN,Target,17618,Desktop,2,0
669,1866.4836734890064,transfer,IN,Amazon,6587,Mobile,3,1
670,2851.6665917697774,cash_out,US,Netflix,62790,Tablet,4,0
671,1734.5625793522536,cash_out,DE,Walmart,31480,Tablet,3,0
672,8967.757480839626,cash_in,CA,Target,20527,Tablet,1,1
673,803.2572228707604,payment,US,Netflix,23569,Tablet,4,0
674,5245.589384312976,cash_out,DE,Target,11151,Tablet,3,0
675,4104.557873069625,cash_out,US,Target,71094,Mobile,3,0
676,9823.803790469156,transfer,US,Walmart,59174,Mobile,4,0
677,1121.2769827783554,transfer,UK,Apple,44739,Tablet,1,0
678,3979.1581348583704,payment,DE,Netflix,32954,Desktop,3,0
679,9694.734862320413,cash_out,CA,Walmart,35303,Desktop,4,0
680,8655.205751813908,cash_out,UK,Target,34700,Tablet,1,0
681,8170.903637421849,transfer,US,Walmart,67568,Mobile,4,1
682,2579.770367622353,cash_out,US,Apple,66788,Desktop,4,0
683,1709.7049863132681,cash_in,US,Netflix,71045,Desktop,3,0
684,6686.763556024385,transfer,DE,Apple,37842,Desktop,1,0
685,9293.83051528673,payment,DE,Amazon,13900,Tablet,3,0
686,5568.072167246284,transfer,UK,Netflix,80059,Desktop,0,0
687,5716.555282009529,cash_out,CA,Apple,1881,Desktop,0,0
688,2800.5109575091815,payment,UK,Target,33037,Desktop,1,0
689,7695.159838986177,transfer,IN,Netflix,1630,Desktop,4,0
690,1871.2504418266763,cash_in,US,Netflix,20789,Mobile,3,0
691,3237.4686848060323,cash_in,US,Walmart,83494,Tablet,3,0
692,4254.9389497255515,transfer,US,Target,46151,Tablet,1,0
693,5076.596176465866,cash_in,UK,Amazon,48920,Mobile,1,0
694,2424.854914418387,cash_in,UK,Apple,67231,Mobile,0,0
695,1149.2534105672962,cash_in,US,Walmart,80357,Tablet,2,0
696,6106.589804373884,payment,UK,Apple,3262,Desktop,1,0
697,2887.0169018493175,cash_in,DE,Amazon,66981,Desktop,2,0
698,5812.8009760047,cash_in,DE,Amazon,81972,Tablet,1,0
699,1544.472790026749,cash_in,UK,Netflix,75485,Desktop,4,0
700,4811.91987844632,payment,US,Amazon,54722,Mobile,4,0
701,5326.361736083307,transfer,UK,Apple,50818,Desktop,0,0
702,519.1835446874467,cash_out,UK,Target,29932,Desktop,0,0
703,3366.7061776610117,cash_in,UK,Target,6901,Desktop,2,0
704,1345.0123547128035,transfer,IN,Netflix,8597,Tablet,1,0
705,634.6863297572047,cash_in,DE,Apple,63909,Mobile,3,0
706,9899.612363667062,payment,CA,Apple,72391,Desktop,0,0
707,3224.216095902255,transfer,CA,Amazon,84214,Tablet,3,0
708,8098.934584100494,payment,IN,Apple,8263,Desktop,3,0
709,2547.1519069828746,cash_in,UK,Walmart,63293,Mobile,1,0
710,6815.345719517069,cash_in,IN,Amazon,25805,Desktop,2,0
711,7602.518371036976,payment,IN,Walmart,11874,Mobile,1,0
712,5956.791767337835,cash_out,US,Netflix,14079,Desktop,0,0
713,4716.2903093130335,payment,DE,Target,49850,Mobile,3,1
714,4118.997300558538,cash_in,CA,Netflix,72779,Desktop,1,0
715,3489.33379716341,payment,UK,Target,9018,Mobile,1,0
716,9295.36191333401,cash_out,CA,Netflix,49500,Desktop,1,0
717,8306.363458469503,payment,CA,Apple,12100,Desktop,0,0
718,9650.30407975446,cash_out,DE,Walmart,57021,Tablet,2,0
719,1243.8479376319617,cash_out,CA,Target,19800,Tablet,1,0
720,7308.9438845612385,payment,CA,Amazon,63400,Mobile,0,0
721,9383.466227753557,payment,IN,Walmart,29437,Desktop,3,1
722,1813.149428590436,transfer,DE,Amazon,76537,Mobile,4,0
723,665.8961774004082,cash_in,US,Walmart,46675,Tablet,0,0
724,7411.4653722513,cash_out,UK,Walmart,19942,Mobile,4,0
725,5745.156658685939,transfer,CA,Netflix,20862,Mobile,1,0
726,8418.445938805962,payment,UK,Target,11669,Tablet,1,0
727,1398.5839938862687,cash_in,US,Target,53772,Desktop,0,0
728,7952.877851287042,transfer,UK,Walmart,15916,Mobile,4,0
729,2017.0715731573976,cash_out,US,Apple,10878,Tablet,1,0
730,1637.3957727141794,transfer,IN,Apple,2985,Desktop,3,0
731,1643.4937135119985,cash_out,CA,Amazon,73648,Tablet,2,0
732,8145.93262759359,payment,US,Amazon,41235,Mobile,2,0
733,6652.307009741305,cash_in,UK,Netflix,18931,Desktop,1,0
734,5231.131182266424,cash_in,CA,Walmart,336,Desktop,4,0
735,3588.946010750901,cash_in,IN,Amazon,42933,Tablet,1,0
736,8772.128207590269,payment,CA,Amazon,84899,Tablet,4,0
737,3925.058629118931,cash_out,US,Walmart,45536,Tablet,3,0
738,8166.1777952763,payment,IN,Netflix,69504,Desktop,4,0
739,4391.909950793614,cash_in,UK,Amazon,51148,Desktop,1,0
740,3770.067349819651,payment,IN,Netflix,16279,Mobile,3,0
741,4627.335176910395,payment,IN,Target,68665,Desktop,0,0
742,3014.4773637672565,payment,DE,Netflix,71386,Mobile,2,0
743,7476.346192382335,cash_out,IN,Apple,86124,Tablet,1,0
744,5027.701180534699,transfer,IN,Apple,77485,Tablet,1,0
745,2322.8947387730263,transfer,CA,Netflix,74055,Desktop,1,0
746,8995.84615817241,payment,UK,Apple,77273,Tablet,3,0
747,3839.528322510741,transfer,CA,Target,66670,Tablet,0,0
748,5435.985058278772,transfer,CA,Walmart,76474,Desktop,4,0
749,9064.814637534504,payment,US,Apple,54028,Mobile,0,0
750,6242.755721144007,payment,CA,Apple,71128,Desktop,3,0
751,1169.8635090429323,cash_in,DE,Netflix,18108,Mobile,1,0
752,9398.381404011137,transfer,DE,Target,52495,Desktop,2,0
753,6277.452822661107,cash_out,US,Walmart,82806,Desktop,1,0
754,3349.7212409562044,payment,UK,Netflix,76533,Tablet,4,0
755,1393.5814545612093,cash_in,UK,Netflix,56830,Desktop,2,0
756,7940.457867513689,cash_out,CA,Target,74640,Desktop,1,0
757,6201.107486529207,transfer,CA,Walmart,52509,Mobile,2,0
758,5335.077458671239,cash_in,CA,Target,66406,Tablet,0,0
759,8939.031937926526,payment,UK,Walmart,39519,Mobile,3,1
760,7886.183515034083,cash_out,IN,Target,49649,Mobile,1,0
761,1517.597122447779,payment,DE,Netflix,34524,Tablet,4,0
762,3117.9089558876867,transfer,IN,Netflix,33885,Tablet,0,0
763,2485.6429090048427,cash_out,IN,Amazon,44369,Tablet,1,0
764,7439.718979434197,transfer,UK,Apple,30676,Desktop,0,0
765,336.29081492305806,transfer,IN,Target,64093,Tablet,4,0
766,5699.326959028294,cash_in,US,Amazon,47764,Tablet,1,0
767,7624.8243987211645,payment,CA,Apple,50799,Tablet,4,0
768,8767.779601980732,cash_out,US,Target,79414,Mobile,2,0
769,3421.4754054103587,transfer,DE,Walmart,72307,Mobile,4,0
770,8212.751789415457,transfer,CA,Apple,82062,Desktop,2,0
771,1107.206737815117,cash_out,IN,Netflix,31923,Mobile,1,0
772,8464.676465053448,transfer,DE,Amazon,78388,Desktop,2,0
773,1275.7591346574923,cash_in,CA,Apple,47574,Mobile,1,0
774,3973.475618313112,cash_in,IN,Apple,43391,Tablet,1,0
775,7973.156362429757,cash_in,US,Netflix,53664,Mobile,3,0
776,1500.024356060389,cash_in,CA,Target,67384,Desktop,1,0
777,2293.284700931182,transfer,IN,Walmart,31027,Mobile,2,0
778,7222.80343136227,cash_out,US,Netflix,35464,Tablet,3,0
779,7200.645328924197,cash_out,DE,Walmart,34485,Desktop,3,0
780,6411.835181220088,cash_out,DE,Target,19456,Tablet,1,0
781,6939.790496226533,cash_out,DE,Apple,74795,Tablet,4,0
782,5427.701709032614,payment,DE,Walmart,35554,Desktop,4,0
783,2518.7387900106205,cash_out,UK,Amazon,46922,Tablet,3,0
784,3457.6142390456903,payment,CA,Amazon,13409,Tablet,1,0
785,1816.7955702974552,payment,CA,Netflix,69327,Mobile,4,0
786,9084.59716277495,cash_in,UK,Target,36639,Tablet,1,0
787,5834.334555866439,payment,IN,Netflix,63627,Tablet,1,0
788,4009.113316219635,transfer,IN,Netflix,83424,Tablet,3,0
789,4620.596030637683,payment,DE,Netflix,19692,Tablet,3,0
790,9472.886112778542,cash_in,US,Amazon,78840,Desktop,0,0
791,1534.3606797576858,payment,IN,Amazon,54200,Mobile,4,0
792,5862.7120903359555,transfer,US,Netflix,57415,Tablet,4,0
793,5059.3809001657755,transfer,CA,Amazon,18074,Tablet,4,0
794,6114.930900111043,transfer,US,Target,15549,Desktop,2,0
795,182.08372802458425,cash_in,CA,Netflix,29963,Tablet,1,0
796,8721.36696553257,cash_in,UK,Amazon,52265,Desktop,3,0
797,9321.250706553641,cash_out,UK,Walmart,16061,Mobile,4,0
798,5651.7667027085,cash_in,DE,Netflix,58226,Mobile,0,0
799,6966.811587945046,transfer,IN,Netflix,28810,Tablet,4,0
800,9225.07131239178,transfer,DE,Target,60006,Tablet,1,0
801,7072.679104499673,cash_in,CA,Apple,22800,Tablet,1,0
802,1526.2378900996991,payment,DE,Apple,75476,Desktop,3,0
803,5763.307313307965,cash_in,US,Target,69460,Tablet,2,0
804,6067.543748782176,cash_in,CA,Target,57767,Tablet,3,0
805,4241.882582352558,transfer,UK,Target,28054,Mobile,4,0
806,7364.705912011604,cash_out,IN,Apple,75319,Tablet,0,0
807,9343.735780675379,transfer,CA,Target,45397,Mobile,3,0
808,9255.759560554856,cash_out,CA,Amazon,13233,Tablet,2,0
809,4508.942874669917,transfer,US,Netflix,25068,Mobile,3,0
810,1133.2672203617117,cash_in,IN,Netflix,65727,Tablet,1,0
811,9848.427148424384,transfer,UK,Walmart,70453,Mobile,4,0
812,8389.141966372896,transfer,CA,Walmart,25832,Desktop,4,0
813,1247.5021493514653,transfer,CA,Netflix,86242,Mobile,4,0
814,9208.497984291105,cash_in,US,Amazon,13682,Mobile,4,0
815,8699.09372425922,cash_in,DE,Apple,23383,Mobile,4,0
816,5188.861733203595,cash_in,UK,Apple,58160,Tablet,4,0
817,5913.163082013548,cash_in,IN,Amazon,23666,Tablet,0,0
818,3990.6280359974326,cash_out,CA,Apple,58817,Tablet,2,0
819,548.5616265814913,cash_out,CA,Target,34642,Desktop,4,0
820,3352.6372192173635,payment,UK,Netflix,41830,Desktop,2,0
821,8028.731632531516,cash_in,DE,Netflix,10234,Mobile,4,0
822,47.31559802302399,cash_out,CA,Amazon,57616,Desktop,3,0
823,3335.658217739751,transfer,UK,Apple,9221,Mobile,4,0
824,3982.288767215842,cash_in,US,Walmart,11410,Mobile,1,0
825,5374.418633776291,payment,DE,Walmart,80055,Mobile,0,0
826,9198.636308511192,payment,IN,Apple,61413,Desktop,3,0
827,3464.1135976652467,payment,CA,Walmart,1051,Tablet,3,0
828,3470.185065760381,transfer,UK,Amazon,75301,Desktop,1,0
829,7375.274979849374,cash_out,US,Amazon,76918,Mobile,4,0
830,4522.727190957182,transfer,IN,Apple,78116,Mobile,0,0
831,2246.82362457688,cash_in,UK,Walmart,56563,Desktop,3,0
832,4524.942721810801,payment,UK,Amazon,44757,Mobile,0,1
833,1409.4293467776188,transfer,IN,Amazon,77475,Mobile,3,0
834,1764.693478075727,transfer,US,Target,51257,Desktop,4,0
835,4984.179359622058,cash_out,US,Target,307,Desktop,3,0
836,4189.835569595974,cash_out,DE,Amazon,56889,Desktop,3,0
837,9148.544164779933,payment,CA,Apple,68895,Mobile,2,0
838,3624.5765972672143,transfer,IN,Netflix,35944,Mobile,4,0
839,5806.302914430156,transfer,IN,Netflix,38134,Tablet,1,1
840,6323.0106149073845,cash_out,IN,Amazon,27323,Tablet,1,0
841,131.93147142674803,transfer,US,Amazon,71762,Desktop,4,0
842,6635.710182795089,transfer,CA,Amazon,25954,Tablet,1,0
843,1781.1816327306444,transfer,DE,Apple,55021,Mobile,4,0
844,9610.742104377083,cash_out,UK,Target,79866,Tablet,1,0
845,1487.4786148033763,payment,UK,Amazon,70427,Mobile,2,0
846,4146.826613146511,cash_in,IN,Amazon,4992,Desktop,1,0
847,854.41133111836,payment,CA,Walmart,1961,Desktop,3,0
848,9968.745644207627,cash_in,US,Apple,12497,Mobile,4,1
849,5022.447908302094,transfer,CA,Amazon,32551,Tablet,0,0
850,5954.254788183118,payment,CA,Walmart,76384,Desktop,0,0
851,671.6976974068864,cash_in,US,Netflix,55755,Desktop,4,0
852,7499.854743521379,cash_out,IN,Amazon,13255,Tablet,2,0
853,2099.8460253627622,cash_out,CA,Amazon,4567,Tablet,1,0
854,8980.644840117697,payment,UK,Walmart,48847,Mobile,2,0
855,2052.1912651795897,payment,US,Apple,48003,Tablet,0,0
856,1907.6865189160021,transfer,DE,Amazon,20389,Tablet,4,0
857,366.4601288131007,payment,IN,Netflix,44523,Tablet,4,0
858,4721.1973841548825,transfer,US,Amazon,61576,Mobile,2,0
859,5648.846491492902,transfer,DE,Netflix,43919,Mobile,2,0
860,658.0206856440954,cash_out,DE,Target,82103,Desktop,1,0
861,7755.500639333411,cash_out,CA,Target,3358,Mobile,3,0
862,4533.435058645528,cash_in,CA,Netflix,76524,Desktop,3,0
863,5244.378303006472,cash_out,CA,Apple,5698,Tablet,1,0
864,4408.186706635343,cash_out,US,Amazon,66809,Desktop,3,0
865,4008.2298456923845,payment,US,Amazon,55805,Desktop,0,0
866,5596.843672750871,cash_out,IN,Target,31349,Tablet,3,0
867,1553.2472190611943,cash_in,CA,Netflix,76777,Desktop,1,0
868,1820.099376822216,payment,DE,Amazon,50248,Mobile,3,0
869,8617.99442451416,cash_in,UK,Amazon,75033,Mobile,4,0
870,9461.208505874194,cash_out,IN,Apple,44041,Mobile,2,0
871,3733.7198534812496,cash_in,US,Walmart,31954,Mobile,0,0
872,2708.175986762394,payment,IN,Target,8002,Desktop,4,0
873,6440.351432846918,transfer,IN,Target,69783,Desktop,4,0
874,4087.932976809866,cash_in,IN,Walmart,19738,Tablet,1,0
875,254.83817024778827,cash_in,IN,Amazon,10703,Desktop,2,0
876,1562.3698210645375,payment,UK,Apple,49422,Desktop,2,0
877,7160.006316245128,payment,CA,Apple,83106,Desktop,0,0
878,6589.580495159604,cash_in,DE,Target,61899,Tablet,1,0
879,271.93282904233143,cash_out,IN,Apple,12392,Mobile,0,0
880,2220.4996471675613,cash_in,IN,Walmart,44724,Desktop,3,0
881,2311.5168910841257,payment,IN,Amazon,32299,Tablet,4,0
882,6719.255543243686,transfer,CA,Walmart,15641,Tablet,0,0
883,198.0856670058872,transfer,US,Netflix,79534,Tablet,4,1
884,1041.9817112637538,cash_out,US,Target,6305,Mobile,1,0
885,7999.36093764652,cash_in,UK,Apple,18782,Desktop,3,0
886,1786.268075881282,transfer,US,Netflix,78257,Tablet,1,0
887,6527.808332410895,cash_in,IN,Apple,77963,Mobile,3,0
888,2382.5896276862186,payment,IN,Amazon,20566,Tablet,3,0
889,995.3144862006923,transfer,IN,Amazon,67766,Tablet,4,1
890,2432.478737803541,cash_out,UK,Amazon,6511,Tablet,1,0
891,7222.947051624736,payment,IN,Apple,26177,Tablet,1,0
892,8557.108984594752,cash_out,US,Netflix,4765,Tablet,0,0
893,8302.368425805349,payment,CA,Amazon,20354,Mobile,1,0
894,3972.4381126549297,transfer,CA,Netflix,23929,Desktop,0,0
895,6681.183280569891,cash_out,DE,Apple,28820,Desktop,2,0
896,2050.637969862794,cash_out,US,Netflix,29523,Desktop,2,0
897,2932.1841548798716,payment,IN,Apple,71088,Desktop,2,0
898,8963.461849392677,cash_out,CA,Apple,66163,Mobile,1,0
899,131.00623318384962,payment,US,Target,77525,Mobile,1,0
900,855.9998000138263,payment,CA,Apple,13780,Mobile,0,0
901,2079.654665205127,payment,IN,Apple,6589,Tablet,3,0
902,266.29550653432335,payment,CA,Walmart,34812,Tablet,0,0
903,1815.1729154628833,transfer,DE,Amazon,45939,Tablet,2,0
904,5830.832568135952,payment,DE,Target,51493,Desktop,0,0
905,4214.824081374387,cash_in,CA,Target,40953,Tablet,3,0
906,8926.824439058671,cash_out,US,Target,65785,Desktop,1,0
907,8174.6181738226705,cash_in,US,Walmart,19309,Tablet,0,0
908,3418.831699627062,transfer,US,Apple,54195,Desktop,2,0
909,2594.9749108794936,cash_in,CA,Amazon,25901,Tablet,2,0
910,3797.5443892645017,cash_out,US,Netflix,23576,Tablet,1,0
911,5903.359130205563,cash_in,IN,Apple,31508,Mobile,0,0
912,2681.3683445879396,transfer,DE,Walmart,74711,Tablet,3,0
913,6241.864929583491,payment,IN,Apple,25464,Tablet,1,0
914,4094.707110260213,cash_in,US,Apple,60281,Mobile,0,0
915,5520.919761338951,transfer,IN,Walmart,16260,Desktop,4,0
916,4361.829164824032,transfer,US,Target,35440,Mobile,2,0
917,2945.363129659635,cash_out,CA,Target,56683,Mobile,3,1
918,9484.584616314605,cash_out,IN,Amazon,41430,Desktop,3,0
919,7636.294335803448,cash_in,CA,Amazon,1987,Tablet,3,0
920,1401.991644488759,payment,CA,Target,25105,Desktop,2,0
921,8684.81129100323,transfer,UK,Netflix,78484,Tablet,0,0
922,4874.824551296887,cash_in,US,Apple,13026,Tablet,1,0
923,8945.62771671402,transfer,DE,Netflix,68309,Desktop,0,0
924,7998.752704217205,transfer,US,Apple,45927,Mobile,1,0
925,4252.709831187865,payment,DE,Target,75414,Desktop,3,1
926,225.67061389285385,payment,US,Amazon,57535,Tablet,0,0
927,2687.5049164900756,cash_in,CA,Amazon,42946,Desktop,3,0
928,5416.800512394008,payment,IN,Netflix,56561,Desktop,4,0
929,6335.148720041647,payment,IN,Amazon,10377,Tablet,3,0
930,2579.61896664659,cash_in,UK,Target,53592,Mobile,3,0
931,1394.4213846541686,payment,DE,Netflix,7347,Desktop,1,0
932,8349.467437756191,cash_out,DE,Apple,33776,Tablet,4,0
933,9844.037404854818,transfer,DE,Amazon,3783,Tablet,3,0
934,5257.376132844555,transfer,CA,Walmart,55798,Desktop,3,0
935,1717.6211791971866,transfer,DE,Amazon,4298,Mobile,4,0
936,2723.8009578671704,transfer,IN,Apple,70204,Desktop,4,0
937,184.88837479811986,cash_in,CA,Netflix,86207,Mobile,0,0
938,9143.07376679843,transfer,US,Apple,55161,Mobile,1,0
939,1178.3930778185213,transfer,DE,Walmart,60652,Mobile,4,0
940,5765.588238667021,transfer,DE,Target,34484,Mobile,4,0
941,2741.278151651373,transfer,US,Amazon,20922,Desktop,2,0
942,5542.225847155419,cash_out,DE,Netflix,34028,Tablet,4,0
943,6514.552463130291,transfer,US,Target,20316,Tablet,1,0
944,8297.58829526831,cash_out,CA,Apple,76996,Tablet,3,0
945,2065.0062963342716,cash_in,IN,Netflix,16968,Tablet,3,0
946,110.9472907561463,payment,US,Target,30266,Tablet,3,0
947,1369.719415058004,transfer,UK,Netflix,24000,Tablet,3,0
948,9000.286399839202,payment,US,Walmart,14011,Desktop,2,0
949,8739.02688554759,payment,DE,Walmart,2866,Mobile,4,1
950,5974.533608600913,cash_in,CA,Amazon,5898,Tablet,3,0
951,6005.5680874761,payment,CA,Amazon,18395,Desktop,0,0
952,6650.701708788009,cash_out,US,Walmart,39019,Tablet,3,0
953,1754.5374149558725,payment,IN,Netflix,4006,Tablet,4,0
954,9144.205047303672,payment,UK,Walmart,34393,Mobile,3,0
955,4188.286478395839,payment,CA,Amazon,10956,Mobile,2,0
956,3832.0021439667253,transfer,DE,Walmart,50042,Mobile,1,0
957,5189.6581351230925,transfer,DE,Walmart,6078,Tablet,1,0
958,470.6127017837754,cash_out,IN,Netflix,29631,Tablet,4,0
959,1663.667404192038,cash_out,CA,Target,62901,Tablet,1,0
960,7380.598130647278,transfer,US,Amazon,69497,Mobile,1,0
961,828.9038805833395,cash_out,DE,Netflix,41574,Desktop,0,0
962,6031.917942554415,transfer,IN,Walmart,31417,Tablet,4,0
963,2454.245747703528,cash_in,CA,Walmart,83639,Tablet,4,0
964,3893.5668448057236,payment,CA,Target,65006,Tablet,1,0
965,2887.648673970228,payment,CA,Amazon,39454,Desktop,1,1
966,3557.3714919330264,cash_out,CA,Amazon,1587,Tablet,1,0
967,7190.74000593727,transfer,CA,Apple,54710,Desktop,2,0
968,2971.920034516127,transfer,DE,Amazon,75886,Tablet,3,0
969,5664.479998328675,cash_out,IN,Target,18816,Desktop,2,0
970,4761.027971588797,transfer,CA,Apple,85824,Tablet,4,0
971,6637.047982461118,cash_in,UK,Apple,29432,Mobile,0,0
972,9368.360563508255,payment,UK,Walmart,48617,Mobile,3,0
973,7325.9884000052925,cash_out,IN,Walmart,72373,Mobile,0,0
974,2150.188845528977,cash_out,US,Amazon,34217,Mobile,4,0
975,312.80016747778546,transfer,US,Apple,20884,Tablet,4,0
976,2623.378178953951,cash_out,US,Walmart,5454,Mobile,0,0
977,5951.184229071848,cash_in,UK,Target,74960,Desktop,0,0
978,515.2067090290193,transfer,US,Walmart,43618,Mobile,0,0
979,4964.166105765162,transfer,DE,Walmart,83948,Mobile,4,0
980,5968.831646319975,transfer,CA,Apple,62671,Mobile,1,0
981,3343.1046642787915,transfer,UK,Apple,47111,Tablet,0,0
982,7709.351125254473,cash_in,IN,Netflix,39613,Mobile,3,1
983,1066.8759330845842,transfer,IN,Target,85678,Desktop,4,0
984,752.3026795763518,cash_out,CA,Apple,59993,Mobile,2,1
985,7282.15937327983,cash_in,UK,Amazon,8848,Mobile,2,0
986,4955.417670745778,payment,US,Target,78672,Mobile,3,0
987,6884.335561880933,payment,US,Target,66125,Desktop,1,0
988,4348.838558698859,cash_out,DE,Apple,61602,Mobile,0,0
989,2464.773930357829,cash_out,DE,Target,72045,Desktop,4,0
990,8191.204074424323,cash_in,US,Apple,42222,Desktop,0,0
991,7994.359373810824,payment,IN,Walmart,49223,Mobile,4,0
992,6947.270012073413,payment,IN,Netflix,65333,Desktop,2,0
993,2722.179227162397,payment,DE,Walmart,52732,Tablet,0,0
994,5902.716438024002,payment,CA,Apple,49420,Mobile,3,0
995,3610.377995503328,payment,US,Apple,75504,Mobile,1,0
996,916.7291511930149,transfer,DE,Walmart,2462,Desktop,3,0
997,9173.218441046965,cash_out,DE,Amazon,9460,Desktop,1,0
998,1369.049490558695,transfer,US,Amazon,9275,Mobile,0,0
999,9502.423300854203,payment,US,Amazon,13269,Tablet,0,0
1000,4460.611723806599,cash_in,IN,Apple,65942,Desktop,1,0
